machineidentifier,HasDetections
7649,0.42
1802,0.41
4099,0.36
1868,0.27
1448,0.33
5020,0.39
114,0.39
4149,0.26
5836,0.34
5798,0.36
7048,0.39
3650,0.29
4660,0.26
2255,0.37
4776,0.24
7393,0.47
6678,0.36
1920,0.46
9433,0.35
5995,0.34
9978,0.23
6021,0.27
1615,0.38
1873,0.37
7288,0.42
6070,0.34
4365,0.36
7056,0.49
7886,0.21
8668,0.43
6585,0.32
7361,0.37
4409,0.24
9220,0.26
5080,0.34
352,0.46
1019,0.36
3186,0.38
6389,0.32
3458,0.38
7957,0.42
924,0.43
1503,0.34
9413,0.34
1027,0.45
6526,0.38
9203,0.37
2879,0.31
1937,0.27
2410,0.43
6596,0.35
603,0.38
5590,0.42
5090,0.27
5704,0.45
7483,0.46
4260,0.3
1664,0.43
7522,0.29
3916,0.29
1261,0.35
2262,0.27
8285,0.41
3949,0.33
9110,0.35
6602,0.35
8639,0.35
1438,0.35
2316,0.3
6106,0.37
3634,0.29
2573,0.25
4558,0.5
9644,0.47
6022,0.4
6776,0.31
4992,0.36
2514,0.37
7278,0.34
3756,0.47
509,0.41
4570,0.36
2061,0.5
5800,0.31
2859,0.42
8123,0.33
7220,0.33
5520,0.41
8098,0.43
2141,0.36
6517,0.33
22,0.34
7728,0.31
887,0.44
5813,0.33
9192,0.31
3585,0.46
1645,0.39
3878,0.32
5209,0.35
8137,0.45
4452,0.4
8308,0.4
4392,0.36
5557,0.42
1654,0.37
1042,0.39
794,0.36
3013,0.37
5569,0.41
2684,0.4
1983,0.42
7903,0.38
3114,0.38
790,0.31
9809,0.33
4707,0.26
6278,0.36
7398,0.46
1680,0.29
8353,0.5
4712,0.33
9516,0.38
609,0.42
965,0.29
1410,0.56
5473,0.33
968,0.35
1278,0.33
9801,0.44
6727,0.46
3037,0.39
5882,0.43
8905,0.34
5425,0.4
9627,0.43
9727,0.42
2580,0.29
6699,0.27
8757,0.42
2808,0.4
5983,0.31
9592,0.34
5842,0.42
6591,0.37
1344,0.43
9731,0.36
3014,0.33
6280,0.43
1866,0.28
6900,0.53
7911,0.39
30,0.36
4935,0.35
7917,0.42
3041,0.35
2460,0.48
4051,0.39
622,0.37
7035,0.27
2577,0.36
1224,0.37
3038,0.46
9612,0.37
5657,0.31
822,0.34
7037,0.23
3522,0.35
6794,0.25
2912,0.35
6088,0.23
6204,0.35
8444,0.38
2737,0.37
9520,0.33
4619,0.37
1583,0.33
6456,0.3
4017,0.52
4229,0.31
7458,0.28
3056,0.4
9227,0.32
81,0.26
3159,0.35
3093,0.6
7289,0.36
8990,0.24
4920,0.41
2176,0.46
4885,0.43
9163,0.38
7961,0.33
2506,0.42
798,0.4
2443,0.28
2393,0.43
4456,0.32
4709,0.34
2785,0.4
2661,0.39
8299,0.35
4087,0.3
6714,0.4
8544,0.4
9331,0.35
2971,0.3
1105,0.42
241,0.45
1851,0.4
724,0.48
6636,0.36
2623,0.28
7721,0.34
9399,0.31
1194,0.28
8196,0.46
5446,0.35
3654,0.49
8755,0.33
4789,0.51
2796,0.23
3856,0.26
7185,0.37
9952,0.33
6936,0.43
3275,0.39
4287,0.42
7099,0.44
4692,0.39
7029,0.29
3613,0.41
3105,0.46
1928,0.34
3023,0.3
7186,0.37
6442,0.45
601,0.35
8248,0.32
3036,0.38
2361,0.33
1660,0.32
6143,0.29
2246,0.36
5618,0.41
235,0.4
413,0.39
6177,0.51
7039,0.4
2463,0.46
1533,0.4
2021,0.41
3242,0.34
9970,0.44
6471,0.38
9148,0.49
1235,0.37
7828,0.39
3426,0.24
6994,0.38
7888,0.41
5514,0.35
3094,0.36
5390,0.31
3169,0.37
6893,0.47
4172,0.31
5297,0.35
438,0.48
7086,0.39
9503,0.55
9539,0.37
9529,0.35
9381,0.4
1262,0.41
886,0.41
1328,0.5
1079,0.33
399,0.33
8900,0.26
4009,0.43
4899,0.3
2350,0.35
5014,0.48
5127,0.21
5567,0.4
1255,0.51
8286,0.38
6783,0.32
9416,0.28
4810,0.31
9232,0.35
9130,0.32
6802,0.4
4487,0.36
7055,0.39
3332,0.44
2416,0.37
4900,0.43
88,0.46
7349,0.29
388,0.44
3060,0.43
7060,0.32
4649,0.41
6910,0.32
6552,0.37
8349,0.42
1738,0.38
2723,0.43
5027,0.41
7896,0.39
4349,0.36
6896,0.34
3729,0.36
6062,0.36
8236,0.44
13,0.31
4212,0.41
9052,0.35
4329,0.33
7001,0.33
67,0.34
5885,0.36
9255,0.41
4647,0.36
5130,0.39
181,0.26
3945,0.41
8477,0.52
7942,0.39
5252,0.44
9396,0.34
5211,0.42
2052,0.36
6182,0.32
2063,0.5
5481,0.37
8180,0.34
5937,0.39
3584,0.3
1895,0.43
9730,0.45
1744,0.35
9846,0.31
381,0.41
8701,0.31
4003,0.42
503,0.32
9225,0.31
7654,0.45
5141,0.42
9456,0.45
2552,0.36
3991,0.35
141,0.39
4654,0.37
6884,0.38
7230,0.37
9081,0.44
9259,0.31
3265,0.33
4479,0.3
6737,0.48
7373,0.37
2500,0.49
1948,0.41
133,0.35
9504,0.33
2101,0.47
1879,0.4
3188,0.41
4068,0.3
7521,0.37
9356,0.39
1569,0.32
1740,0.36
3918,0.36
5623,0.36
1789,0.29
2529,0.5
4950,0.44
4567,0.25
6175,0.28
2597,0.38
3761,0.39
4204,0.37
9887,0.23
6815,0.37
349,0.34
8895,0.28
329,0.37
8245,0.32
9658,0.38
62,0.3
1217,0.35
6662,0.25
3934,0.37
9037,0.5
4814,0.33
5223,0.34
2208,0.38
2601,0.4
9750,0.31
2166,0.27
3509,0.4
1990,0.32
9563,0.51
5112,0.29
8801,0.3
6170,0.38
6525,0.45
4039,0.47
2770,0.41
4938,0.31
4905,0.43
295,0.39
4929,0.33
2288,0.37
7875,0.28
163,0.36
2207,0.43
631,0.35
8029,0.43
3097,0.32
2292,0.21
7745,0.36
2908,0.18
404,0.37
9146,0.38
847,0.3
1357,0.43
7985,0.43
3110,0.31
8731,0.34
8989,0.39
7926,0.41
6468,0.29
7512,0.44
6508,0.47
9260,0.3
6374,0.41
7433,0.21
5468,0.42
604,0.42
692,0.5
1303,0.48
3345,0.42
6880,0.54
4345,0.47
4752,0.43
4701,0.47
7975,0.33
301,0.35
2399,0.43
2567,0.42
3211,0.42
9832,0.44
5958,0.32
33,0.41
4347,0.44
1999,0.47
455,0.35
7916,0.42
5100,0.48
9115,0.35
7058,0.38
8328,0.46
3583,0.29
7077,0.35
4508,0.45
4230,0.35
6180,0.24
4202,0.34
42,0.44
7964,0.5
9361,0.36
1893,0.34
9791,0.35
3932,0.28
5748,0.33
9925,0.34
4974,0.41
6599,0.38
9407,0.34
3647,0.39
566,0.51
7473,0.47
4670,0.45
9535,0.31
2600,0.43
3897,0.24
928,0.43
7374,0.28
2274,0.31
9187,0.33
3274,0.23
289,0.36
3015,0.3
4233,0.48
6438,0.3
1327,0.49
8421,0.41
9032,0.3
6919,0.44
8112,0.26
5321,0.39
7998,0.35
7767,0.32
309,0.37
906,0.37
9496,0.41
2939,0.51
9251,0.39
4002,0.36
2163,0.27
3895,0.44
4927,0.29
9527,0.3
6246,0.3
9816,0.33
3915,0.34
9022,0.31
9689,0.28
8641,0.37
7168,0.4
4123,0.3
9739,0.23
559,0.33
3028,0.35
5021,0.48
7274,0.38
1022,0.42
3459,0.43
6360,0.36
1322,0.36
7351,0.4
6649,0.35
1733,0.26
5187,0.37
237,0.42
8011,0.58
4584,0.31
9924,0.35
4167,0.29
8422,0.29
5886,0.4
347,0.43
4561,0.39
6316,0.35
3168,0.45
699,0.4
4290,0.41
4548,0.4
2070,0.37
7479,0.28
7108,0.47
2913,0.55
668,0.3
6749,0.42
7169,0.35
680,0.32
6102,0.4
1773,0.42
1482,0.42
1779,0.38
5170,0.48
2418,0.36
1681,0.38
8122,0.32
2606,0.34
4680,0.38
7537,0.35
5124,0.43
3864,0.36
762,0.51
5067,0.31
6393,0.43
4169,0.41
2249,0.41
5731,0.41
1558,0.47
9172,0.42
1800,0.38
8453,0.41
8663,0.41
5136,0.33
1898,0.42
325,0.37
6481,0.36
2793,0.49
5981,0.36
6487,0.41
2922,0.38
5054,0.33
6669,0.45
7948,0.25
8724,0.43
4684,0.39
1205,0.44
6017,0.37
7136,0.41
3791,0.27
7858,0.26
2907,0.4
2000,0.4
4666,0.41
415,0.29
5317,0.29
1669,0.5
6742,0.51
8415,0.31
634,0.38
1716,0.45
3731,0.37
387,0.35
8499,0.34
9485,0.22
3858,0.41
8312,0.26
6545,0.34
2322,0.43
9940,0.42
3022,0.43
6907,0.55
9889,0.33
194,0.3
6233,0.36
7314,0.42
8401,0.34
5375,0.45
185,0.37
5855,0.39
1220,0.32
3258,0.32
6519,0.46
6676,0.5
1279,0.49
5143,0.38
4976,0.34
7557,0.46
6260,0.25
6069,0.31
8085,0.32
8255,0.32
3148,0.4
4669,0.37
3860,0.29
4473,0.43
573,0.37
3006,0.36
8479,0.38
9073,0.46
4203,0.31
7072,0.46
3340,0.34
3814,0.3
19,0.39
5089,0.46
5450,0.36
1585,0.35
5394,0.33
4480,0.53
5646,0.33
8036,0.36
4655,0.35
6112,0.4
3710,0.41
5448,0.44
7042,0.35
1562,0.35
1391,0.28
8440,0.33
7620,0.35
9239,0.31
3803,0.36
3495,0.43
3163,0.39
4981,0.47
3770,0.37
7324,0.45
7901,0.41
6721,0.36
741,0.39
313,0.38
5685,0.52
2543,0.31
4246,0.32
8733,0.3
6992,0.26
7853,0.38
2516,0.3
9304,0.31
3669,0.44
3471,0.42
8514,0.41
7629,0.34
2771,0.43
986,0.49
9009,0.26
1625,0.39
4550,0.42
8464,0.29
7333,0.29
2857,0.38
2713,0.35
4610,0.36
1372,0.66
5579,0.37
389,0.44
3317,0.35
3351,0.4
7046,0.61
943,0.28
292,0.47
6731,0.46
4078,0.31
9094,0.3
2036,0.47
2938,0.58
9230,0.45
2402,0.42
5979,0.37
1876,0.33
3293,0.32
7156,0.41
9916,0.34
7928,0.47
2718,0.31
43,0.36
3890,0.43
2436,0.33
4856,0.4
6577,0.41
6094,0.46
5190,0.31
8028,0.45
7610,0.35
715,0.25
5796,0.39
5837,0.36
2662,0.43
9973,0.36
9189,0.47
6131,0.34
3783,0.39
466,0.38
386,0.37
2199,0.57
7418,0.56
6593,0.37
7005,0.46
9704,0.22
5923,0.35
2877,0.54
1112,0.35
8250,0.47
824,0.42
5347,0.47
6454,0.35
5103,0.45
6500,0.43
2225,0.32
2613,0.31
474,0.29
7618,0.39
586,0.29
1804,0.39
6571,0.4
1899,0.41
911,0.4
9680,0.3
5768,0.5
6032,0.51
3816,0.39
8788,0.34
3845,0.3
9543,0.37
1268,0.45
7540,0.32
7493,0.42
2863,0.32
1872,0.33
9682,0.43
5659,0.32
627,0.45
8171,0.37
8274,0.35
4587,0.41
6762,0.41
9137,0.33
1915,0.38
2840,0.4
9613,0.32
9278,0.33
9655,0.31
8628,0.43
3436,0.52
8404,0.34
3135,0.29
7009,0.33
2295,0.3
5062,0.35
7547,0.43
1001,0.34
4005,0.48
7159,0.46
8224,0.38
4114,0.27
1373,0.42
9028,0.29
6784,0.4
6172,0.22
5655,0.26
2930,0.31
2009,0.49
8251,0.4
2123,0.39
2076,0.29
9515,0.26
6155,0.48
9299,0.45
2497,0.32
5343,0.39
4595,0.36
8262,0.34
9747,0.37
3403,0.45
1104,0.35
5320,0.32
8153,0.42
2145,0.37
324,0.26
8263,0.48
3954,0.3
7992,0.33
2533,0.38
6123,0.44
2539,0.41
851,0.37
83,0.42
6879,0.32
9132,0.29
4657,0.41
8390,0.43
8952,0.38
8197,0.47
7799,0.46
7355,0.39
8968,0.4
5376,0.3
1,0.34
9467,0.39
4947,0.37
3769,0.3
1190,0.34
6672,0.32
5191,0.32
1252,0.36
4110,0.32
401,0.4
1759,0.5
3997,0.48
1393,0.35
9560,0.44
256,0.5
8595,0.38
5746,0.39
1628,0.37
4000,0.35
1501,0.32
4208,0.47
6528,0.59
1621,0.44
3801,0.44
2293,0.35
7542,0.32
3151,0.46
3032,0.45
517,0.3
7203,0.28
7180,0.16
6854,0.48
2900,0.39
6632,0.37
1595,0.39
5564,0.39
580,0.25
6876,0.36
7766,0.39
1960,0.42
1662,0.39
6041,0.38
396,0.39
4980,0.33
2982,0.23
5957,0.38
3724,0.29
1955,0.41
8809,0.36
786,0.23
2866,0.3
8942,0.37
4751,0.34
7972,0.34
4395,0.29
5960,0.44
8240,0.34
6266,0.46
9942,0.3
335,0.35
8364,0.44
8997,0.25
4687,0.36
4578,0.35
8273,0.36
4571,0.54
2689,0.47
1023,0.37
1918,0.57
5451,0.33
4851,0.38
288,0.53
6849,0.43
6179,0.39
4308,0.28
2835,0.29
1916,0.62
9502,0.23
5896,0.38
923,0.35
3494,0.43
1635,0.35
4115,0.35
9581,0.43
5438,0.29
7899,0.33
5483,0.36
1598,0.26
4194,0.31
3278,0.37
5887,0.39
4340,0.51
7081,0.37
282,0.48
5502,0.37
1965,0.38
4268,0.4
9827,0.31
7978,0.32
8078,0.43
3644,0.34
2797,0.4
2920,0.38
1631,0.46
3676,0.39
2722,0.31
6005,0.37
1776,0.3
6264,0.2
1714,0.38
7389,0.38
368,0.4
2170,0.37
2792,0.46
1349,0.34
2967,0.36
8185,0.41
4397,0.33
8145,0.37
2238,0.39
7024,0.45
8694,0.5
8126,0.4
995,0.4
8072,0.11
1581,0.31
5345,0.34
9412,0.35
6165,0.4
373,0.46
6890,0.33
1534,0.43
8215,0.32
9506,0.34
1712,0.41
8684,0.34
7052,0.43
562,0.44
6522,0.28
2646,0.37
3166,0.5
2927,0.39
8925,0.36
6068,0.32
5427,0.35
5354,0.44
1721,0.33
5366,0.33
9812,0.33
3302,0.37
3582,0.34
7786,0.37
7023,0.25
1404,0.42
7385,0.31
9119,0.37
5504,0.4
9698,0.38
752,0.36
1506,0.24
9564,0.31
9281,0.42
4965,0.29
4132,0.5
4420,0.38
1837,0.38
5455,0.42
708,0.37
7934,0.45
8666,0.29
7990,0.43
2902,0.25
6110,0.35
3776,0.38
6675,0.33
7366,0.37
2302,0.42
4454,0.32
1216,0.31
9992,0.33
7579,0.32
558,0.41
305,0.44
2273,0.16
3480,0.47
756,0.35
5418,0.3
5847,0.45
3728,0.49
5799,0.3
6834,0.39
8686,0.34
4242,0.3
983,0.42
4945,0.47
683,0.37
4956,0.36
8720,0.27
6362,0.43
672,0.38
4731,0.4
8271,0.5
1244,0.37
6415,0.37
1982,0.26
7605,0.41
588,0.39
2622,0.41
5195,0.46
4035,0.36
7552,0.36
5362,0.44
4788,0.39
7082,0.24
3326,0.28
34,0.38
3337,0.32
8014,0.47
1010,0.45
4013,0.42
4973,0.3
6677,0.34
3330,0.35
8796,0.44
3983,0.43
7757,0.26
3846,0.38
3577,0.49
532,0.42
1499,0.33
4291,0.35
8849,0.33
5314,0.33
4295,0.39
4255,0.36
1497,0.51
8347,0.57
8945,0.42
9289,0.37
7515,0.41
6628,0.38
2457,0.3
5694,0.41
1460,0.36
4997,0.4
3506,0.33
9995,0.34
1081,0.35
527,0.35
9915,0.44
4907,0.34
1181,0.3
77,0.3
3947,0.47
6464,0.43
654,0.53
739,0.45
4563,0.31
6311,0.33
1705,0.41
3352,0.44
7194,0.39
5178,0.26
4844,0.43
3410,0.33
2480,0.33
3101,0.42
9555,0.32
8035,0.33
9701,0.28
6024,0.29
8528,0.45
8210,0.24
4888,0.34
4760,0.27
4151,0.33
3906,0.3
1845,0.29
8217,0.43
6099,0.4
8861,0.39
9605,0.42
5338,0.39
5565,0.3
2739,0.4
204,0.47
1422,0.45
3633,0.39
9487,0.42
7190,0.41
6284,0.35
336,0.49
7770,0.31
7388,0.38
8847,0.26
510,0.31
820,0.33
366,0.43
4837,0.33
6113,0.42
9593,0.42
3096,0.44
8001,0.28
7003,0.39
5948,0.52
3617,0.37
7789,0.42
4891,0.26
7554,0.33
3112,0.4
1228,0.28
2989,0.23
1478,0.37
7254,0.3
3914,0.21
7122,0.32
4695,0.27
4724,0.41
6688,0.35
7843,0.28
2068,0.35
6037,0.39
8451,0.52
3197,0.33
5469,0.25
6164,0.31
1390,0.29
934,0.36
5729,0.43
6437,0.29
298,0.52
3083,0.42
9678,0.25
121,0.38
3958,0.37
1161,0.35
2556,0.34
8999,0.35
7591,0.39
4098,0.43
8903,0.28
4948,0.41
439,0.33
1956,0.44
4728,0.4
7199,0.23
5172,0.36
3807,0.34
2504,0.36
514,0.29
749,0.41
1857,0.41
8842,0.38
7322,0.35
4488,0.34
4029,0.37
8734,0.5
4700,0.47
8971,0.5
4795,0.44
3913,0.37
35,0.5
2327,0.37
7851,0.52
8435,0.54
4102,0.52
297,0.41
1787,0.43
3058,0.33
4453,0.34
4772,0.3
9626,0.39
9611,0.42
5600,0.4
9369,0.32
1668,0.36
1940,0.47
1942,0.49
4720,0.41
7083,0.4
3697,0.38
8536,0.3
4222,0.38
6254,0.32
8283,0.31
7923,0.34
8093,0.34
9917,0.47
7489,0.37
7468,0.31
8437,0.35
6306,0.47
9990,0.35
7652,0.32
9021,0.29
6803,0.39
260,0.5
7764,0.31
8648,0.45
6697,0.39
4,0.34
8892,0.36
8010,0.42
9713,0.4
8778,0.35
111,0.4
7530,0.23
7411,0.38
6855,0.29
9907,0.42
6541,0.45
9322,0.39
1656,0.34
6656,0.35
6754,0.5
3959,0.47
398,0.34
189,0.39
2774,0.36
7243,0.41
4917,0.31
2826,0.3
7971,0.32
8625,0.31
525,0.42
6489,0.4
4648,0.41
1619,0.32
7301,0.37
4168,0.33
6409,0.33
646,0.36
341,0.32
7846,0.38
6648,0.44
9439,0.37
3460,0.43
2678,0.38
4623,0.42
5909,0.36
3523,0.3
1243,0.42
8972,0.31
4555,0.23
3587,0.53
5881,0.42
8491,0.29
3272,0.4
9358,0.28
6960,0.35
7391,0.39
9662,0.35
3387,0.32
1200,0.35
9589,0.33
4006,0.37
518,0.22
5226,0.37
6358,0.33
1444,0.45
7293,0.28
3016,0.37
196,0.38
8917,0.29
5148,0.34
7084,0.35
2394,0.37
4835,0.41
3356,0.5
216,0.42
920,0.34
5052,0.33
8674,0.44
814,0.41
9237,0.25
6028,0.37
2306,0.36
7874,0.27
4878,0.36
2980,0.21
51,0.44
726,0.38
5918,0.4
834,0.35
682,0.45
4544,0.43
8013,0.47
3372,0.4
8533,0.19
3840,0.45
8583,0.36
7410,0.47
1330,0.41
9359,0.29
1360,0.32
9257,0.43
1962,0.33
850,0.46
6660,0.28
1324,0.44
1781,0.45
8858,0.33
7735,0.35
9235,0.44
9086,0.39
6194,0.35
3395,0.5
4719,0.35
3942,0.44
1834,0.33
1926,0.39
8616,0.4
1586,0.44
8547,0.38
5397,0.42
7079,0.37
6741,0.34
3867,0.36
8317,0.33
9876,0.4
7222,0.41
999,0.46
9862,0.45
3793,0.35
6705,0.21
4043,0.37
9197,0.41
8311,0.43
6986,0.42
7067,0.4
3599,0.31
7103,0.4
9939,0.37
546,0.4
6584,0.44
6057,0.44
9346,0.29
7271,0.42
9756,0.34
765,0.36
1182,0.37
2237,0.41
3880,0.29
5904,0.33
3828,0.25
6349,0.43
3368,0.35
3100,0.4
3931,0.41
2409,0.29
3772,0.31
4170,0.35
1514,0.39
7327,0.33
5617,0.33
3369,0.43
463,0.33
8079,0.25
8969,0.32
2258,0.4
1416,0.34
2025,0.36
7518,0.35
5833,0.53
6274,0.39
8293,0.47
3266,0.37
5939,0.37
1734,0.36
8103,0.42
8673,0.39
6198,0.43
7144,0.33
1491,0.29
3226,0.25
496,0.36
6093,0.35
3614,0.34
2880,0.37
856,0.48
3910,0.4
6040,0.37
4566,0.38
5818,0.3
564,0.44
7680,0.33
4581,0.41
1335,0.44
1925,0.43
6665,0.38
3684,0.33
3308,0.44
7264,0.32
6370,0.41
367,0.36
9676,0.33
5109,0.46
9109,0.35
2854,0.4
2192,0.37
8102,0.51
3363,0.44
5217,0.41
8506,0.32
8063,0.44
6126,0.31
5511,0.28
9336,0.42
2798,0.41
4801,0.43
5399,0.3
8423,0.36
5586,0.33
7960,0.44
5457,0.46
6550,0.34
229,0.32
9200,0.31
5243,0.33
393,0.34
9987,0.37
1597,0.48
9620,0.5
2565,0.4
1421,0.44
147,0.4
2958,0.3
9256,0.29
4191,0.36
2329,0.5
1792,0.48
1666,0.3
8154,0.32
5538,0.59
7866,0.29
1739,0.43
5760,0.28
2685,0.43
4909,0.32
2354,0.32
4140,0.39
7281,0.3
2804,0.46
4740,0.39
249,0.33
7565,0.36
3485,0.29
5313,0.33
7487,0.45
1900,0.33
8436,0.36
6386,0.33
6098,0.44
3359,0.32
6303,0.36
3252,0.3
8875,0.31
6497,0.37
7170,0.35
232,0.33
1382,0.37
7585,0.41
8899,0.46
3185,0.37
7448,0.45
1836,0.44
702,0.34
6980,0.38
9011,0.47
7105,0.25
4111,0.35
4133,0.3
3668,0.32
7326,0.34
2641,0.25
1770,0.43
3718,0.34
7637,0.49
1481,0.46
7200,0.47
5753,0.35
7323,0.32
7496,0.22
1158,0.33
1385,0.4
4993,0.32
1637,0.39
6242,0.32
9428,0.27
3464,0.28
2839,0.35
1838,0.45
2769,0.44
7434,0.51
3711,0.41
3973,0.31
5955,0.35
4546,0.22
881,0.34
2392,0.39
9638,0.36
3175,0.35
640,0.32
3673,0.38
6201,0.31
5094,0.46
5033,0.27
6373,0.38
418,0.35
7686,0.37
6985,0.34
6530,0.4
7908,0.38
5899,0.36
5871,0.33
3611,0.43
7013,0.32
6319,0.42
1671,0.38
2121,0.35
1456,0.38
7924,0.32
8551,0.41
6078,0.4
2702,0.35
9974,0.35
3789,0.4
1816,0.48
2171,0.25
1702,0.38
8113,0.35
9986,0.28
4046,0.47
4089,0.51
5038,0.34
5220,0.42
8838,0.39
1197,0.42
9222,0.32
4300,0.33
3843,0.25
9041,0.29
3052,0.35
740,0.36
3007,0.42
3397,0.37
5743,0.27
1661,0.35
6318,0.29
9618,0.36
9548,0.41
1095,0.33
5119,0.36
1933,0.45
712,0.39
6805,0.39
1297,0.25
5544,0.33
8267,0.29
5952,0.39
226,0.36
7209,0.47
876,0.34
75,0.35
4438,0.42
2449,0.41
7834,0.39
407,0.34
7257,0.41
1342,0.32
4460,0.41
5344,0.31
1963,0.36
8441,0.45
7295,0.3
9060,0.36
2772,0.42
1147,0.26
9599,0.37
2942,0.39
519,0.37
3544,0.36
8472,0.34
9048,0.4
2161,0.3
8055,0.47
5992,0.41
9362,0.32
4127,0.3
2398,0.43
9891,0.37
7452,0.31
3993,0.48
9013,0.5
4609,0.43
6217,0.26
9120,0.41
1370,0.4
4219,0.35
3098,0.41
2375,0.24
1494,0.46
7372,0.28
7221,0.51
5010,0.45
3164,0.39
3384,0.34
4674,0.35
4064,0.31
1315,0.34
9431,0.41
9709,0.34
3940,0.3
4160,0.29
9450,0.44
2415,0.49
1124,0.27
8150,0.28
4780,0.39
208,0.42
7995,0.45
9479,0.32
5724,0.44
746,0.34
727,0.45
3562,0.28
2285,0.21
3540,0.38
5417,0.38
8249,0.34
674,0.31
9568,0.59
7738,0.32
5492,0.56
6954,0.43
3653,0.37
4679,0.44
1326,0.35
3631,0.31
8158,0.43
4569,0.39
2338,0.38
917,0.41
7061,0.33
947,0.36
6608,0.36
4410,0.37
8359,0.41
7184,0.22
4124,0.44
5228,0.43
2495,0.47
7837,0.52
9621,0.45
4531,0.41
3412,0.41
4091,0.38
6159,0.36
6473,0.39
7630,0.35
332,0.37
6091,0.36
9468,0.39
4913,0.4
1892,0.29
526,0.48
1453,0.29
3888,0.28
541,0.45
9632,0.42
3645,0.27
3120,0.43
5734,0.3
3392,0.46
6692,0.36
467,0.4
9035,0.3
709,0.38
763,0.48
6646,0.4
391,0.34
1989,0.23
1599,0.42
1089,0.42
6228,0.34
7296,0.33
9121,0.43
6324,0.35
7586,0.42
8823,0.31
6054,0.52
8266,0.29
6897,0.39
5584,0.32
6116,0.29
8054,0.34
2083,0.45
3775,0.44
7044,0.4
4302,0.35
1013,0.32
6211,0.41
9373,0.4
8692,0.26
5194,0.48
7777,0.33
1688,0.33
6477,0.41
736,0.39
3031,0.4
3547,0.4
958,0.39
453,0.39
4833,0.44
528,0.37
9064,0.36
980,0.28
3156,0.42
6998,0.41
5809,0.41
5988,0.33
1490,0.47
5666,0.44
4425,0.34
4120,0.31
721,0.58
8469,0.39
5561,0.47
8221,0.36
3699,0.35
8881,0.47
9837,0.34
343,0.29
1906,0.4
9153,0.32
9890,0.27
9434,0.38
2903,0.47
6235,0.37
1459,0.4
4075,0.28
5411,0.31
8873,0.48
4067,0.42
626,0.44
1185,0.45
2964,0.3
6290,0.39
8334,0.43
5997,0.34
4324,0.43
879,0.37
6381,0.52
6657,0.43
1476,0.4
69,0.28
2604,0.37
2165,0.39
1201,0.35
3196,0.46
7287,0.38
5968,0.36
1810,0.42
4244,0.33
3331,0.4
6817,0.24
1796,0.37
8339,0.44
3505,0.33
4352,0.44
2619,0.25
2045,0.48
8200,0.4
956,0.32
4069,0.37
3773,0.47
5250,0.4
2167,0.38
8645,0.3
1610,0.31
1291,0.4
4012,0.31
4405,0.27
9517,0.36
7882,0.32
481,0.42
9305,0.36
1945,0.29
5131,0.41
8057,0.33
6725,0.42
7531,0.35
5815,0.41
914,0.3
5555,0.47
5248,0.38
7655,0.27
9050,0.37
150,0.46
5360,0.51
4444,0.34
6466,0.41
8497,0.41
2588,0.44
2377,0.34
1061,0.43
2616,0.36
5303,0.32
5810,0.4
7480,0.42
5678,0.38
5805,0.27
4187,0.31
1048,0.43
1178,0.45
3150,0.5
1977,0.36
3788,0.36
4387,0.33
6074,0.26
751,0.29
7179,0.47
3343,0.36
4353,0.37
8341,0.44
6460,0.31
8955,0.36
6314,0.46
3693,0.35
8626,0.35
901,0.45
3183,0.27
6650,0.4
6841,0.44
5553,0.37
7407,0.32
7397,0.3
7399,0.45
9873,0.23
7994,0.31
8833,0.31
7800,0.37
3067,0.41
4855,0.44
8891,0.38
8815,0.34
516,0.42
8904,0.37
1116,0.48
7266,0.34
5705,0.32
2956,0.42
9097,0.46
9002,0.34
2188,0.34
716,0.54
7606,0.31
3210,0.42
9319,0.27
4337,0.36
1602,0.47
2946,0.43
2451,0.33
5420,0.36
2372,0.25
283,0.4
8780,0.35
1183,0.48
6335,0.44
9684,0.39
8059,0.43
1912,0.4
9818,0.36
8646,0.34
6423,0.29
800,0.41
3970,0.32
6860,0.25
5528,0.35
9711,0.5
8190,0.43
7017,0.49
9771,0.42
4824,0.29
1689,0.46
3998,0.42
5582,0.36
6555,0.39
4396,0.26
7907,0.37
394,0.35
7821,0.38
8182,0.42
3809,0.41
9641,0.33
747,0.31
5664,0.31
9910,0.33
5485,0.44
743,0.46
290,0.42
468,0.46
1728,0.38
6086,0.37
5238,0.33
4040,0.29
2590,0.34
5003,0.36
9001,0.32
3116,0.41
6060,0.42
3364,0.4
2365,0.33
5839,0.37
5516,0.27
1282,0.37
3652,0.57
4093,0.47
1305,0.44
7476,0.44
1755,0.51
9368,0.3
1676,0.28
2925,0.31
441,0.46
625,0.33
5232,0.51
5006,0.43
5430,0.3
2147,0.3
7785,0.3
9561,0.33
6556,0.41
6774,0.34
1535,0.31
9489,0.53
848,0.39
4470,0.41
6685,0.4
8428,0.36
1230,0.3
1821,0.29
5658,0.31
8653,0.23
3824,0.51
5060,0.34
1341,0.42
7988,0.36
6887,0.37
9635,0.33
136,0.37
1449,0.38
2923,0.49
3040,0.38
7465,0.33
9693,0.33
4937,0.48
4305,0.32
5845,0.3
1978,0.31
579,0.41
6455,0.25
4500,0.5
5213,0.32
4177,0.57
7145,0.26
4422,0.42
7867,0.31
7676,0.34
3300,0.37
9315,0.46
871,0.32
3049,0.38
9083,0.34
6895,0.31
9409,0.33
7318,0.48
2204,0.34
5341,0.3
3982,0.42
7933,0.26
7088,0.42
9710,0.33
6901,0.28
4348,0.36
9545,0.35
2883,0.41
9006,0.42
2245,0.43
2400,0.42
8222,0.3
8827,0.41
5,0.39
4231,0.28
3797,0.42
8762,0.38
1852,0.54
2701,0.38
9604,0.47
8432,0.31
4262,0.37
1839,0.34
4045,0.31
3572,0.45
6770,0.23
3561,0.2
3026,0.47
2831,0.38
7743,0.29
3898,0.47
4484,0.34
3786,0.38
3555,0.42
7212,0.34
9246,0.4
4565,0.42
4617,0.47
230,0.46
8061,0.33
2352,0.37
9307,0.4
2191,0.37
5509,0.46
6945,0.35
6085,0.23
1542,0.46
7261,0.44
9150,0.39
8489,0.49
959,0.34
371,0.26
4872,0.28
3568,0.36
4164,0.52
8960,0.31
6436,0.42
9687,0.3
5802,0.25
7999,0.51
6166,0.26
977,0.45
8104,0.42
2541,0.29
3619,0.28
5787,0.43
3443,0.26
2476,0.24
1549,0.26
8953,0.29
5654,0.44
3675,0.46
9653,0.4
9852,0.39
1375,0.52
4342,0.38
1769,0.39
6056,0.3
3865,0.36
861,0.36
7475,0.43
5570,0.36
72,0.25
4818,0.31
4282,0.43
1320,0.28
6775,0.35
3286,0.44
8400,0.39
1510,0.37
5680,0.39
3142,0.3
4138,0.42
2638,0.41
1756,0.29
7167,0.35
5015,0.46
975,0.37
56,0.48
8828,0.5
2450,0.44
3483,0.38
9628,0.34
7062,0.36
3641,0.38
9080,0.43
9660,0.36
3610,0.37
4370,0.38
6620,0.39
826,0.43
9570,0.31
108,0.5
4545,0.44
445,0.39
3174,0.42
1308,0.4
3950,0.32
3969,0.42
8243,0.48
9104,0.43
6972,0.25
8867,0.33
2085,0.4
7087,0.53
2911,0.56
3449,0.29
1440,0.36
8429,0.23
8310,0.34
918,0.4
9698,0.38
3689,0.27
2488,0.4
3813,0.29
5761,0.41
5530,0.4
9025,0.37
6647,0.31
1657,0.29
7268,0.37
575,0.44
6696,0.41
7889,0.34
7580,0.32
5280,0.28
4726,0.36
5977,0.44
5943,0.51
990,0.4
4876,0.29
8825,0.31
3223,0.23
2010,0.3
1808,0.35
8039,0.39
8407,0.26
7506,0.33
405,0.33
8928,0.35
5591,0.41
2513,0.34
9573,0.45
6181,0.24
9070,0.38
3656,0.31
5589,0.48
3075,0.29
9841,0.4
2381,0.22
7419,0.35
300,0.38
217,0.29
7970,0.26
2367,0.39
867,0.41
1603,0.49
4326,0.39
1793,0.31
7534,0.48
5392,0.39
9700,0.31
250,0.35
3707,0.4
501,0.34
7983,0.34
2043,0.27
722,0.41
3202,0.33
1674,0.45
8241,0.37
8482,0.37
6108,0.29
2370,0.37
6292,0.46
2752,0.38
3488,0.39
7165,0.4
9394,0.34
644,0.25
2704,0.36
9617,0.38
5309,0.32
6413,0.39
6573,0.39
3612,0.31
9051,0.33
1917,0.36
1863,0.3
1290,0.25
8318,0.34
28,0.34
5059,0.42
3508,0.45
2279,0.67
3461,0.35
5236,0.2
1053,0.33
3493,0.3
2105,0.29
2528,0.25
6305,0.27
8211,0.4
9556,0.26
1846,0.52
8517,0.3
8367,0.39
9629,0.37
5132,0.41
9066,0.25
9254,0.4
9692,0.3
1913,0.35
1242,0.42
3074,0.27
314,0.28
2757,0.26
2109,0.41
5728,0.2
6549,0.43
6926,0.44
1458,0.3
3927,0.31
2520,0.38
8502,0.4
550,0.35
5566,0.35
4434,0.32
2005,0.39
1996,0.5
6828,0.34
5950,0.33
2582,0.42
5508,0.36
8617,0.44
8706,0.38
9054,0.31
9095,0.36
8518,0.42
2341,0.35
5423,0.36
157,0.46
1045,0.36
8870,0.42
4411,0.38
3625,0.4
6398,0.43
653,0.36
9316,0.24
7883,0.29
1399,0.33
1457,0.33
8405,0.34
8363,0.39
2873,0.48
6728,0.41
1080,0.43
4962,0.44
4238,0.37
2137,0.34
1765,0.43
6009,0.3
6462,0.54
6153,0.38
4975,0.31
6080,0.45
5193,0.41
1993,0.27
7793,0.46
7833,0.34
484,0.36
4322,0.28
5510,0.4
8897,0.43
4375,0.35
5869,0.37
1572,0.38
5056,0.42
103,0.37
6507,0.23
1646,0.29
4538,0.27
3133,0.37
7609,0.35
3324,0.49
4063,0.46
3810,0.35
5784,0.28
1556,0.35
5718,0.36
6706,0.33
151,0.39
7447,0.37
3782,0.39
5507,0.29
694,0.35
1884,0.29
1994,0.32
7774,0.34
8940,0.35
3847,0.33
4468,0.49
8647,0.27
2847,0.36
9223,0.38
9787,0.46
4513,0.43
697,0.52
2100,0.44
4999,0.45
2690,0.35
3157,0.4
7299,0.36
2260,0.4
6903,0.31
4793,0.39
4613,0.36
1710,0.38
8119,0.31
9625,0.42
1296,0.5
6443,0.37
61,0.42
8559,0.22
9229,0.51
7675,0.22
6592,0.32
5921,0.41
9811,0.32
1395,0.3
9825,0.4
4430,0.41
2707,0.43
5221,0.37
1265,0.34
7412,0.39
2949,0.43
7648,0.43
311,0.36
1024,0.39
7536,0.47
8753,0.47
1336,0.39
3336,0.24
8975,0.48
3292,0.42
7417,0.32
9226,0.4
7500,0.4
2686,0.44
385,0.39
495,0.43
1870,0.42
3009,0.42
757,0.37
4516,0.32
8541,0.41
3400,0.42
4645,0.47
890,0.46
3468,0.38
4528,0.38
718,0.34
6623,0.35
9026,0.21
9861,0.4
7700,0.45
7426,0.43
3904,0.27
2357,0.35
8346,0.38
4644,0.45
4894,0.31
9803,0.43
3119,0.39
3823,0.38
66,0.26
1191,0.34
25,0.42
5640,0.4
4499,0.4
3284,0.33
9822,0.41
9808,0.31
4315,0.28
4890,0.44
3837,0.43
4717,0.32
4690,0.33
2761,0.39
2276,0.36
6014,0.44
4908,0.32
4143,0.38
6518,0.32
1273,0.34
3900,0.4
4223,0.26
3012,0.35
5302,0.25
8805,0.36
7981,0.41
4371,0.39
8784,0.25
3081,0.39
7814,0.34
3717,0.32
8610,0.4
8703,0.52
6850,0.42
7632,0.33
6104,0.5
4364,0.3
6635,0.29
1073,0.37
7696,0.43
9767,0.29
4683,0.34
2059,0.39
6778,0.27
3781,0.34
9402,0.46
9491,0.49
1934,0.21
6816,0.4
2032,0.41
1097,0.28
9893,0.47
2056,0.3
7488,0.43
6583,0.33
416,0.57
4686,0.43
9262,0.31
4741,0.37
1450,0.33
9706,0.32
5966,0.48
3472,0.41
9505,0.38
231,0.32
8201,0.48
5047,0.37
4933,0.42
7535,0.28
1285,0.26
1363,0.45
8883,0.33
9913,0.32
7868,0.33
8585,0.33
7822,0.43
7528,0.36
8369,0.37
976,0.34
2602,0.43
5107,0.53
2974,0.37
657,0.27
7584,0.47
8225,0.22
6023,0.33
365,0.35
2073,0.36
6288,0.31
1754,0.34
8140,0.35
8258,0.35
3141,0.42
3078,0.33
4866,0.39
4042,0.42
428,0.48
1367,0.41
6673,0.52
3912,0.31
7817,0.34
5396,0.33
5152,0.45
7546,0.44
3755,0.37
952,0.35
9911,0.31
3124,0.37
9365,0.29
2040,0.32
1345,0.35
5424,0.39
3799,0.45
4209,0.31
3524,0.41
4368,0.43
9069,0.38
5359,0.34
2425,0.38
6388,0.32
8162,0.33
2080,0.39
5758,0.42
4705,0.4
9291,0.54
6686,0.31
6187,0.4
2347,0.31
3263,0.38
7294,0.41
5389,0.31
446,0.36
3700,0.32
1294,0.31
2628,0.31
2667,0.37
8747,0.33
5585,0.41
3092,0.53
7864,0.41
2138,0.41
6317,0.27
6258,0.41
3519,0.26
1120,0.4
8151,0.36
7583,0.37
4598,0.48
98,0.28
5031,0.46
8275,0.35
5266,0.41
7784,0.36
679,0.41
5778,0.34
3574,0.31
6073,0.36
2397,0.35
4723,0.35
1683,0.29
3121,0.44
3778,0.37
8794,0.42
9848,0.43
2694,0.44
5073,0.26
7201,0.42
4893,0.29
7335,0.39
2151,0.38
7852,0.33
5970,0.5
7532,0.34
1333,0.47
21,0.28
6491,0.44
490,0.43
6252,0.4
5408,0.23
9206,0.43
5621,0.36
782,0.29
4556,0.39
5035,0.37
3715,0.31
4185,0.33
2234,0.21
3817,0.41
8552,0.24
8012,0.5
1146,0.31
9393,0.51
8710,0.29
9937,0.34
6724,0.35
4235,0.28
8619,0.46
2243,0.33
4027,0.36
658,0.38
4708,0.31
1323,0.3
717,0.36
6410,0.23
3025,0.38
450,0.44
7080,0.35
2413,0.47
2864,0.32
3102,0.44
6514,0.48
3253,0.42
1348,0.39
1655,0.27
5326,0.31
3591,0.31
6427,0.45
3988,0.45
2867,0.42
8976,0.3
6042,0.28
7922,0.41
6645,0.42
7090,0.29
254,0.52
6689,0.37
3241,0.29
3655,0.37
1447,0.4
2132,0.43
962,0.33
6461,0.21
2915,0.33
1548,0.32
9061,0.25
90,0.38
2648,0.3
2721,0.39
6338,0.36
7050,0.5
9640,0.29
8527,0.37
5487,0.36
3784,0.27
3104,0.38
2818,0.39
9234,0.35
2560,0.37
8678,0.31
2453,0.32
9744,0.43
6922,0.41
5293,0.39
1752,0.39
3550,0.22
3593,0.37
4826,0.41
3965,0.41
2733,0.34
8822,0.44
3445,0.38
7276,0.33
9969,0.43
7805,0.41
3222,0.42
803,0.41
949,0.35
6639,0.39
9401,0.43
5826,0.52
8786,0.32
6394,0.32
7078,0.36
5405,0.39
3068,0.38
5204,0.45
5562,0.38
2968,0.4
3821,0.42
7098,0.31
4457,0.34
589,0.39
4066,0.52
9063,0.45
620,0.41
684,0.46
5972,0.24
9936,0.39
9650,0.38
7737,0.43
5242,0.34
4022,0.4
8206,0.33
4148,0.39
5174,0.35
5594,0.32
9108,0.46
6587,0.31
9236,0.31
687,0.34
7133,0.42
6964,0.33
9272,0.39
8534,0.42
5780,0.3
2536,0.42
3795,0.47
8052,0.35
9072,0.34
3760,0.43
4991,0.4
2617,0.38
8073,0.36
186,0.43
1946,0.46
3448,0.42
6433,0.31
4807,0.51
4912,0.44
4047,0.38
6843,0.44
577,0.44
2179,0.43
2918,0.51
3071,0.37
6738,0.3
253,0.37
9705,0.46
3462,0.46
7346,0.37
9838,0.37
9267,0.39
8136,0.25
8746,0.35
3358,0.3
9699,0.42
7120,0.42
4014,0.29
3109,0.4
5650,0.54
9616,0.33
2829,0.47
6866,0.34
1408,0.32
3085,0.39
3193,0.35
4232,0.37
5902,0.25
9430,0.36
4883,0.48
1248,0.41
1703,0.26
6490,0.43
9493,0.38
2431,0.28
1468,0.42
8919,0.33
567,0.58
8707,0.34
188,0.31
4015,0.19
8357,0.37
6446,0.37
960,0.45
6939,0.37
1855,0.45
7941,0.56
9096,0.44
1218,0.28
8287,0.32
8578,0.48
4848,0.42
2741,0.41
6736,0.45
8017,0.4
2168,0.41
68,0.41
2627,0.47
3716,0.38
7525,0.52
8854,0.4
6709,0.43
3870,0.39
9019,0.4
9271,0.44
813,0.41
452,0.45
7215,0.37
2845,0.26
8350,0.59
5355,0.32
7085,0.29
1164,0.37
124,0.33
3919,0.4
7697,0.45
8152,0.34
7369,0.4
8092,0.42
9334,0.33
3750,0.44
4627,0.39
5041,0.37
6142,0.38
5574,0.37
1286,0.28
326,0.39
2198,0.33
4218,0.35
5876,0.34
536,0.35
5576,0.36
3616,0.41
4970,0.42
9976,0.43
1757,0.44
5300,0.42
7280,0.45
24,0.4
9732,0.38
9906,0.38
3516,0.28
9332,0.3
4525,0.37
6352,0.45
1078,0.42
1528,0.31
3017,0.42
9408,0.36
1652,0.45
3658,0.32
2324,0.3
9204,0.34
4431,0.21
4874,0.3
2962,0.29
8399,0.38
9550,0.43
9918,0.41
1435,0.36
9729,0.38
6478,0.31
984,0.26
3235,0.33
5163,0.22
7804,0.38
8832,0.42
312,0.4
6984,0.37
5824,0.3
6304,0.46
6963,0.33
7197,0.33
1388,0.23
9754,0.26
4449,0.42
5066,0.31
5647,0.42
8424,0.36
3671,0.4
5498,0.31
8282,0.4
1139,0.43
9614,0.5
6909,0.42
2547,0.38
2656,0.42
9118,0.28
2253,0.27
5319,0.49
1298,0.5
9036,0.42
5306,0.3
1633,0.51
584,0.46
2069,0.43
5315,0.22
5340,0.35
7967,0.49
5001,0.29
423,0.25
3063,0.36
5947,0.42
5337,0.39
6048,0.31
5098,0.42
8141,0.33
6810,0.28
4330,0.38
4658,0.34
7141,0.32
7484,0.3
3666,0.47
6904,0.19
2765,0.31
997,0.26
9524,0.18
2557,0.4
9785,0.36
3705,0.34
9497,0.36
2477,0.41
6684,0.34
8652,0.29
8675,0.39
70,0.43
922,0.31
9975,0.47
3886,0.39
239,0.37
9949,0.3
2855,0.29
3127,0.3
7959,0.34
5198,0.45
9425,0.27
963,0.4
7178,0.4
4240,0.37
1126,0.3
9884,0.32
3741,0.47
5687,0.51
7461,0.38
3267,0.26
7739,0.39
5316,0.34
3909,0.28
4921,0.44
6763,0.34
5900,0.43
243,0.37
2344,0.37
8907,0.32
9577,0.44
5286,0.34
5077,0.45
7599,0.39
6987,0.28
3256,0.31
7827,0.39
2874,0.26
3313,0.25
2806,0.45
8857,0.4
9598,0.31
6214,0.31
732,0.36
1484,0.4
1437,0.49
1552,0.39
1032,0.47
1826,0.45
569,0.45
9091,0.44
5367,0.35
3594,0.47
6588,0.44
4790,0.31
7131,0.29
4319,0.44
8726,0.47
636,0.51
3499,0.35
272,0.35
5795,0.46
8253,0.29
9038,0.29
8157,0.46
874,0.33
6800,0.31
9674,0.38
7189,0.39
7497,0.42
6966,0.26
6624,0.4
8492,0.37
195,0.37
8493,0.35
1532,0.45
9984,0.38
7482,0.28
209,0.33
690,0.37
9183,0.34
695,0.42
9821,0.35
6077,0.4
1551,0.33
2865,0.36
1400,0.3
7267,0.29
8378,0.39
6013,0.38
1011,0.35
1774,0.36
9492,0.21
7647,0.32
2386,0.3
6202,0.4
9370,0.38
166,0.39
6020,0.41
4847,0.39
5467,0.35
6788,0.36
4469,0.41
7371,0.33
7129,0.46
8177,0.44
6771,0.39
4254,0.42
3149,0.49
1696,0.39
1287,0.42
6439,0.3
8812,0.42
328,0.35
3623,0.33
7819,0.46
3701,0.27
1731,0.44
8835,0.29
578,0.43
2364,0.36
8096,0.41
605,0.33
1365,0.35
2995,0.45
1801,0.32
5442,0.34
7112,0.37
6878,0.39
1536,0.4
2065,0.41
6101,0.44
6299,0.43
7664,0.37
414,0.47
8984,0.32
299,0.2
4990,0.24
2417,0.41
6755,0.35
9807,0.32
6520,0.3
8231,0.43
6185,0.36
7075,0.39
9165,0.42
4289,0.27
8914,0.39
6630,0.34
5610,0.47
8281,0.42
7839,0.3
6967,0.37
4512,0.31
4404,0.45
8768,0.32
5409,0.4
9607,0.43
7148,0.54
9931,0.34
6786,0.52
7150,0.32
1106,0.35
7328,0.34
6273,0.39
3681,0.39
4380,0.28
3386,0.25
359,0.39
7038,0.47
4394,0.45
5560,0.3
2391,0.43
6506,0.36
4691,0.35
6055,0.55
7126,0.47
9287,0.36
3090,0.3
6425,0.34
6161,0.34
6333,0.43
9282,0.49
8575,0.31
6378,0.3
2929,0.39
1334,0.3
2034,0.41
9217,0.55
5622,0.34
8289,0.27
8023,0.38
2030,0.32
9391,0.22
8269,0.33
3327,0.4
6043,0.35
4797,0.35
6450,0.31
4849,0.33
1302,0.43
9776,0.35
9673,0.37
590,0.33
9828,0.41
4054,0.43
7608,0.4
583,0.37
2228,0.45
613,0.38
7283,0.29
2013,0.3
2115,0.45
8038,0.24
4158,0.28
4383,0.4
4408,0.39
7801,0.42
4906,0.48
1134,0.37
5304,0.36
4162,0.5
5973,0.33
2244,0.5
9636,0.4
6463,0.19
3172,0.36
7239,0.43
1247,0.33
1698,0.42
3033,0.31
8032,0.32
2814,0.44
1131,0.5
6888,0.34
6548,0.32
4979,0.45
1452,0.32
3099,0.47
3908,0.4
5299,0.38
14,0.46
3768,0.35
1822,0.23
8446,0.3
3375,0.5
7284,0.4
4568,0.45
1600,0.32
1172,0.34
576,0.54
8633,0.38
1828,0.26
6361,0.38
3125,0.55
3926,0.45
540,0.27
3260,0.36
275,0.25
8993,0.59
9062,0.35
8486,0.42
9275,0.34
6671,0.31
5017,0.36
8901,0.3
6952,0.36
9748,0.33
2572,0.53
8189,0.39
7383,0.34
3948,0.35
8080,0.34
5619,0.39
3296,0.33
1035,0.42
5462,0.34
2990,0.39
9298,0.42
1968,0.27
5801,0.45
1966,0.34
4263,0.38
3607,0.28
4094,0.46
7551,0.33
8961,0.39
4277,0.38
6216,0.32
8379,0.34
1922,0.4
6795,0.32
2919,0.51
6531,0.42
5164,0.36
5500,0.31
1403,0.43
7736,0.38
2551,0.38
2127,0.45
6785,0.29
6641,0.42
1632,0.28
9306,0.26
3905,0.37
780,0.4
5431,0.34
9777,0.29
6927,0.34
9971,0.26
6092,0.43
4574,0.47
9084,0.26
777,0.38
4215,0.47
5115,0.45
2750,0.37
5249,0.45
4474,0.44
7930,0.5
9901,0.36
2875,0.4
754,0.31
1431,0.53
7956,0.36
8851,0.35
2321,0.35
5986,0.43
9897,0.41
203,0.41
1665,0.47
79,0.35
8874,0.34
513,0.27
1717,0.38
3532,0.46
2269,0.31
3749,0.38
3521,0.42
4507,0.35
7045,0.3
5976,0.35
390,0.32
5186,0.38
2899,0.41
5872,0.3
6150,0.42
942,0.32
7865,0.33
770,0.55
9301,0.46
4590,0.29
8087,0.48
1995,0.3
1997,0.25
8991,0.34
8893,0.35
1064,0.36
9484,0.36
7306,0.31
3857,0.44
4259,0.29
4926,0.55
5606,0.38
4304,0.45
1970,0.38
4028,0.45
293,0.35
5372,0.35
1072,0.37
4466,0.44
6618,0.41
8649,0.4
7363,0.4
6277,0.55
6579,0.38
804,0.38
7245,0.37
4193,0.4
7049,0.23
1195,0.41
9140,0.31
9388,0.23
8821,0.29
480,0.35
7218,0.47
7076,0.33
9193,0.47
4898,0.27
8657,0.31
1616,0.32
660,0.41
6950,0.3
933,0.28
5225,0.4
3455,0.34
2760,0.35
1944,0.34
3231,0.32
1949,0.39
3696,0.34
1118,0.4
7043,0.41
2196,0.43
5953,0.32
2904,0.32
801,0.38
5091,0.3
8687,0.31
7275,0.4
2783,0.38
6063,0.35
979,0.4
4924,0.45
1060,0.44
3510,0.29
1611,0.36
8853,0.43
4073,0.32
6174,0.33
175,0.38
320,0.39
8373,0.53
8186,0.29
594,0.4
700,0.45
2261,0.29
4157,0.36
3648,0.45
3957,0.45
7517,0.5
6256,0.36
6117,0.41
8913,0.42
5364,0.5
2935,0.31
5421,0.36
8447,0.4
9895,0.34
8797,0.28
3937,0.3
3841,0.38
3670,0.39
9447,0.34
4150,0.4
4535,0.45
5910,0.47
5545,0.39
3559,0.32
7705,0.53
8681,0.38
7963,0.36
6872,0.33
8926,0.46
6144,0.33
5703,0.4
5991,0.37
8178,0.38
7977,0.43
1047,0.32
1763,0.46
5436,0.36
3401,0.27
2746,0.26
9648,0.4
3002,0.38
9843,0.46
6833,0.4
768,0.44
9743,0.44
5558,0.43
896,0.32
6480,0.3
5559,0.48
6343,0.41
1140,0.4
3139,0.41
2475,0.34
4465,0.44
4765,0.3
8420,0.43
6007,0.25
4846,0.41
3195,0.27
8099,0.46
560,0.31
327,0.42
9328,0.33
120,0.31
3994,0.36
6417,0.43
7202,0.39
1149,0.39
4118,0.33
7348,0.2
2291,0.32
5122,0.34
310,0.37
9595,0.37
7820,0.31
2625,0.33
2200,0.48
207,0.33
5263,0.35
1936,0.29
766,0.43
3780,0.54
8749,0.47
7464,0.28
7748,0.39
4197,0.41
294,0.23
5296,0.48
2003,0.35
2598,0.41
7312,0.35
6886,0.32
9912,0.37
3357,0.37
3161,0.39
2496,0.48
719,0.34
3590,0.35
6873,0.29
4024,0.34
5380,0.42
1366,0.32
2738,0.41
7030,0.34
5712,0.27
1492,0.45
6328,0.36
5549,0.27
1100,0.32
1398,0.38
1831,0.46
1639,0.45
6537,0.34
5002,0.44
7415,0.28
731,0.4
8459,0.44
7861,0.38
2898,0.3
6835,0.36
9488,0.3
9339,0.32
9536,0.35
1943,0.23
8751,0.31
950,0.39
2380,0.28
3481,0.34
6790,0.5
8483,0.38
4612,0.28
7678,0.49
9866,0.44
330,0.42
5241,0.41
5854,0.39
9982,0.41
9694,0.43
4629,0.31
1446,0.4
8214,0.37
5651,0.53
437,0.4
5330,0.5
6341,0.42
9847,0.35
8850,0.41
1454,0.49
8229,0.49
1725,0.3
6122,0.28
6719,0.43
3917,0.34
3686,0.42
845,0.29
9740,0.41
8018,0.34
6704,0.31
479,0.44
4715,0.37
7841,0.21
1325,0.49
417,0.41
9919,0.46
4351,0.33
3606,0.34
442,0.33
5541,0.42
3409,0.33
5149,0.49
1967,0.25
7368,0.31
2634,0.38
5274,0.51
8806,0.34
7272,0.43
9020,0.26
2215,0.42
211,0.38
2650,0.44
832,0.39
2691,0.51
8005,0.21
2437,0.43
2510,0.46
2887,0.38
5740,0.35
1567,0.39
3177,0.22
4280,0.53
624,0.46
6881,0.36
1880,0.42
4341,0.28
5905,0.36
902,0.44
8116,0.38
3371,0.47
431,0.46
9004,0.38
5069,0.45
315,0.3
8916,0.48
8992,0.36
7559,0.35
2219,0.33
3605,0.36
689,0.48
9608,0.35
198,0.44
7413,0.39
9465,0.39
9432,0.29
2107,0.52
5754,0.42
1028,0.34
7556,0.32
3826,0.4
8981,0.4
5034,0.37
1658,0.37
5284,0.47
6412,0.28
3288,0.32
8146,0.38
7279,0.4
767,0.3
4869,0.36
1981,0.4
454,0.4
1066,0.49
110,0.3
7249,0.46
1004,0.35
3920,0.31
7394,0.4
9794,0.34
2872,0.22
2206,0.37
9824,0.44
2926,0.44
8624,0.36
11,0.27
1299,0.23
3076,0.36
4294,0.32
4159,0.36
3066,0.43
7451,0.4
1537,0.42
7660,0.28
1179,0.44
7984,0.36
9782,0.31
8191,0.39
3960,0.52
9857,0.37
7286,0.42
4842,0.38
1889,0.38
252,0.47
7573,0.37
759,0.32
953,0.37
5648,0.27
1338,0.44
585,0.46
7622,0.41
5118,0.33
7352,0.38
2987,0.44
9338,0.37
5638,0.2
5358,0.39
511,0.41
5865,0.39
5709,0.37
3548,0.41
5727,0.46
1555,0.37
8244,0.38
4441,0.37
895,0.33
809,0.37
0,0.39
5111,0.26
1782,0.32
4639,0.41
9390,0.45
6716,0.31
735,0.43
8814,0.35
5532,0.5
2799,0.35
5812,0.35
8934,0.31
7519,0.4
1750,0.42
4520,0.34
4583,0.33
4314,0.41
372,0.45
6598,0.32
280,0.43
3404,0.29
7920,0.3
7969,0.41
10,0.37
2780,0.36
3184,0.43
8571,0.52
7252,0.49
7560,0.38
9342,0.48
9960,0.35
2055,0.49
5050,0.31
6322,0.4
9637,0.35
7729,0.45
5949,0.42
1313,0.36
6615,0.43
6735,0.35
3082,0.35
5055,0.43
608,0.33
889,0.31
3536,0.3
4714,0.4
2712,0.39
2018,0.4
596,0.36
869,0.4
6767,0.39
570,0.33
6276,0.37
3281,0.35
6865,0.31
3981,0.38
8015,0.31
4549,0.34
7523,0.48
8481,0.37
3434,0.52
6210,0.55
8277,0.35
6411,0.36
5282,0.49
5999,0.34
1083,0.27
7733,0.37
5259,0.44
8535,0.42
6047,0.43
9265,0.32
2426,0.37
3269,0.34
8643,0.42
1905,0.38
8598,0.33
3551,0.34
5384,0.32
5862,0.3
6867,0.37
681,0.43
9294,0.38
5307,0.31
5517,0.27
7919,0.34
3250,0.36
553,0.34
8169,0.35
8094,0.31
5890,0.42
5403,0.42
8848,0.49
1675,0.3
125,0.36
6707,0.38
8841,0.48
4914,0.49
6207,0.37
6395,0.23
3887,0.31
787,0.36
3446,0.32
1082,0.33
5159,0.4
3070,0.37
9498,0.3
2931,0.41
3702,0.35
1123,0.37
2159,0.45
2485,0.34
2048,0.39
910,0.33
8856,0.44
2631,0.48
2197,0.43
3277,0.44
1629,0.43
2440,0.35
2729,0.52
4450,0.32
4107,0.43
458,0.34
5206,0.39
6429,0.33
9956,0.38
7722,0.32
6813,0.42
6566,0.41
3513,0.36
2469,0.27
6942,0.47
2071,0.54
3044,0.29
5371,0.36
7325,0.37
4011,0.36
4823,0.32
9293,0.31
9606,0.28
139,0.34
7307,0.32
4967,0.34
52,0.41
1128,0.43
6203,0.41
2630,0.4
1070,0.28
201,0.41
6687,0.29
2346,0.44
113,0.35
9087,0.38
2359,0.29
6465,0.41
4357,0.37
4122,0.33
9685,0.36
1467,0.41
5963,0.38
6419,0.42
9799,0.24
9169,0.36
6894,0.36
5181,0.37
4858,0.38
1188,0.29
9219,0.37
6016,0.49
5635,0.36
3604,0.55
3021,0.38
4559,0.28
5693,0.47
1641,0.31
8280,0.37
1760,0.34
3706,0.32
3792,0.28
2734,0.25
1627,0.33
8538,0.35
1221,0.38
5267,0.38
3853,0.17
9210,0.42
9805,0.46
6574,0.28
5400,0.45
1225,0.38
3179,0.29
8066,0.26
9697,0.34
7405,0.24
7423,0.38
3894,0.51
5439,0.4
7741,0.33
7270,0.27
3570,0.26
6315,0.51
5674,0.39
4722,0.29
1697,0.31
6457,0.41
656,0.43
4188,0.44
5653,0.4
1329,0.33
7549,0.37
7130,0.37
3224,0.37
6951,0.47
3660,0.4
611,0.32
2148,0.28
184,0.35
7191,0.39
3543,0.35
7053,0.37
904,0.35
776,0.44
1707,0.33
1732,0.45
1777,0.36
8076,0.31
5774,0.39
456,0.38
7208,0.32
3866,0.32
8824,0.33
5278,0.48
4839,0.36
7379,0.32
6230,0.34
9240,0.29
8836,0.3
8021,0.29
3679,0.46
7937,0.42
8366,0.31
1409,0.44
3234,0.42
7791,0.35
4030,0.41
5611,0.39
797,0.41
5387,0.35
5547,0.24
6268,0.28
5954,0.23
1767,0.43
2452,0.38
6141,0.35
8579,0.43
5915,0.46
2082,0.36
6387,0.49
5864,0.36
6857,0.39
529,0.37
1711,0.49
8902,0.31
1529,0.34
5472,0.37
7939,0.36
3039,0.48
218,0.48
9158,0.21
9124,0.35
8790,0.43
852,0.35
5116,0.35
4978,0.32
7416,0.22
3640,0.41
2768,0.48
9238,0.3
8590,0.28
4593,0.35
1903,0.35
1984,0.33
7631,0.36
9736,0.42
3708,0.4
3560,0.32
274,0.31
1133,0.37
4761,0.44
3374,0.33
9840,0.41
285,0.45
4497,0.4
8661,0.44
2129,0.39
6568,0.4
8355,0.32
273,0.48
8025,0.49
7669,0.44
4432,0.28
8494,0.34
5919,0.39
1423,0.41
9972,0.25
1222,0.3
2624,0.45
5859,0.4
9266,0.31
1034,0.35
4092,0.45
9696,0.31
233,0.36
1434,0.33
6331,0.45
9473,0.35
6026,0.24
4126,0.41
4128,0.34
4116,0.39
806,0.28
7539,0.22
9440,0.45
7604,0.47
3249,0.38
7321,0.45
2674,0.36
2067,0.35
4541,0.43
3170,0.33
8659,0.37
9793,0.28
262,0.43
7657,0.23
1568,0.47
193,0.37
7047,0.45
544,0.49
4241,0.39
829,0.39
4455,0.42
9716,0.28
2596,0.36
8268,0.31
1617,0.29
9133,0.44
838,0.27
1067,0.34
3373,0.35
8729,0.35
2655,0.47
478,0.37
4407,0.31
2472,0.41
4803,0.42
3390,0.47
6081,0.42
3827,0.43
8496,0.31
561,0.41
3029,0.46
2697,0.38
4082,0.36
582,0.37
9954,0.33
2669,0.33
4406,0.54
7797,0.39
4366,0.5
5161,0.32
1051,0.31
5227,0.42
9486,0.34
5083,0.31
5210,0.42
6432,0.39
3489,0.34
2172,0.64
3154,0.51
7962,0.46
8128,0.46
9321,0.35
841,0.3
3504,0.37
1771,0.43
3030,0.55
7615,0.37
6978,0.34
8980,0.42
8620,0.29
9340,0.33
1901,0.29
8330,0.4
6823,0.43
1799,0.37
4343,0.37
9056,0.36
3726,0.36
7010,0.34
3190,0.41
6346,0.41
7658,0.39
8107,0.38
5501,0.38
4953,0.31
8295,0.35
3556,0.33
6002,0.45
183,0.56
4984,0.4
8265,0.32
2862,0.32
4318,0.39
927,0.44
5672,0.42
3321,0.4
972,0.35
1119,0.34
3987,0.38
6601,0.43
1886,0.37
5512,0.36
8555,0.35
1817,0.38
9981,0.41
8756,0.35
1231,0.39
3871,0.31
8365,0.34
4879,0.39
5682,0.37
8143,0.32
8296,0.34
981,0.32
6046,0.43
476,0.4
206,0.4
7881,0.28
3682,0.43
4693,0.36
714,0.3
7566,0.36
5175,0.35
6034,0.42
8382,0.37
92,0.33
2422,0.18
9578,0.34
6400,0.34
1713,0.42
7897,0.43
1695,0.35
4607,0.31
5123,0.32
4667,0.31
5108,0.51
8468,0.43
4471,0.51
9052,0.35
214,0.48
6219,0.39
5965,0.5
2414,0.39
3046,0.33
492,0.35
8000,0.4
9977,0.38
1180,0.35
4576,0.34
4809,0.41
3746,0.46
8290,0.35
3883,0.36
6421,0.35
1162,0.4
3667,0.49
3869,0.34
993,0.42
2081,0.33
9442,0.27
7623,0.32
9483,0.27
4585,0.42
4816,0.27
4931,0.36
6915,0.39
4084,0.46
6031,0.39
5076,0.31
8213,0.36
9180,0.39
7071,0.39
3418,0.46
3723,0.26
3855,0.29
3333,0.49
3214,0.42
9772,0.45
3137,0.52
548,0.37
3663,0.25
5022,0.37
6391,0.31
1849,0.37
9311,0.43
606,0.25
3974,0.27
5548,0.48
3350,0.46
5407,0.33
4903,0.29
380,0.46
8101,0.37
3740,0.3
3501,0.45
4163,0.28
9248,0.5
5835,0.37
3721,0.34
7386,0.28
2800,0.47
7499,0.41
8683,0.47
7993,0.38
4443,0.5
2858,0.34
1854,0.47
737,0.32
2240,0.34
1245,0.37
3537,0.49
3416,0.37
2948,0.34
279,0.39
8869,0.41
7516,0.47
357,0.31
783,0.31
4504,0.38
1580,0.44
9738,0.27
8291,0.5
7505,0.3
5440,0.35
9839,0.4
9768,0.42
8503,0.47
7474,0.36
3734,0.52
4960,0.35
4954,0.53
7217,0.49
8775,0.33
1317,0.42
4412,0.38
7731,0.35
9068,0.24
9528,0.35
9375,0.3
3072,0.24
8004,0.35
8973,0.31
6791,0.22
7360,0.26
1311,0.47
7291,0.43
472,0.45
3683,0.36
8963,0.47
3659,0.27
7140,0.39
6075,0.37
8298,0.23
3439,0.31
8622,0.37
2953,0.44
769,0.37
6627,0.39
9602,0.24
9779,0.23
3245,0.51
4763,0.27
2969,0.4
3598,0.29
1215,0.47
3280,0.27
2154,0.42
8736,0.33
7504,0.27
6111,0.42
4688,0.3
2278,0.33
2963,0.44
8589,0.36
8769,0.35
4532,0.42
6010,0.43
1727,0.4
4489,0.53
3129,0.42
2816,0.35
3454,0.5
6479,0.32
3377,0.38
8335,0.47
5843,0.33
6365,0.31
9695,0.3
2342,0.44
1316,0.35
1439,0.44
5587,0.46
9549,0.42
1189,0.31
6640,0.22
1620,0.26
9366,0.43
7437,0.42
8384,0.4
557,0.41
4258,0.36
7424,0.38
5273,0.41
5829,0.27
3951,0.35
6234,0.38
9410,0.33
1033,0.31
2692,0.36
9241,0.25
4402,0.29
4509,0.47
6708,0.41
9888,0.54
8596,0.28
1881,0.33
9100,0.37
2700,0.33
2779,0.28
7773,0.48
3500,0.38
1512,0.41
7597,0.23
3440,0.38
5245,0.37
1237,0.45
1165,0.4
6139,0.39
9318,0.34
649,0.43
6989,0.29
4721,0.49
1470,0.42
2339,0.27
2515,0.3
4932,0.25
5095,0.54
5270,0.41
4182,0.33
7690,0.43
5491,0.28
9968,0.3
6924,0.28
5068,0.25
1772,0.44
6376,0.29
5639,0.36
498,0.33
4103,0.32
4321,0.3
8212,0.27
7829,0.26
6604,0.42
9065,0.37
6885,0.37
6368,0.47
9566,0.37
8156,0.36
2371,0.35
3217,0.32
8519,0.42
4320,0.34
2149,0.38
3208,0.38
1021,0.43
9449,0.38
6067,0.48
4331,0.38
9666,0.38
1356,0.32
3181,0.35
5189,0.38
4738,0.27
1505,0.29
6720,0.39
858,0.32
7895,0.35
4436,0.43
5994,0.28
2725,0.52
549,0.35
9106,0.42
7563,0.35
8795,0.52
5154,0.34
6033,0.28
16,0.47
9164,0.38
940,0.39
271,0.37
2022,0.19
4211,0.34
5631,0.36
2478,0.43
6248,0.4
4884,0.37
1783,0.51
5097,0.43
5522,0.37
4505,0.34
2348,0.33
6151,0.41
665,0.47
8321,0.43
1038,0.33
9252,0.43
4276,0.43
3132,0.39
2777,0.37
5036,0.35
403,0.21
1587,0.35
6962,0.25
8515,0.31
354,0.41
4179,0.3
8427,0.32
3928,0.38
1026,0.44
3531,0.35
2189,0.36
4539,0.4
9521,0.36
3873,0.25
5346,0.37
4985,0.45
3048,0.16
542,0.27
248,0.4
595,0.28
6061,0.31
1314,0.35
5851,0.43
8635,0.39
3685,0.39
9429,0.43
7526,0.39
8174,0.47
7906,0.27
1987,0.33
1521,0.44
2355,0.28
9752,0.34
2642,0.4
3566,0.4
4672,0.43
2658,0.36
8531,0.41
2181,0.33
1295,0.37
9656,0.31
8998,0.31
9330,0.39
4363,0.3
671,0.44
6578,0.46
1976,0.41
6149,0.42
8586,0.28
8323,0.27
6560,0.4
8600,0.4
3498,0.38
8166,0.45
812,0.3
3353,0.41
4591,0.39
4638,0.38
2458,0.29
7396,0.48
8504,0.48
5922,0.32
9855,0.38
3758,0.42
6359,0.29
8325,0.37
5007,0.46
1196,0.26
5064,0.29
9590,0.31
2833,0.47
245,0.34
2511,0.34
9218,0.42
9386,0.38
2286,0.46
7403,0.27
4101,0.24
2368,0.43
3227,0.35
1891,0.34
5230,0.36
508,0.48
6483,0.4
3922,0.43
6905,0.28
5624,0.37
3514,0.33
8176,0.47
76,0.26
6958,0.35
462,0.44
4153,0.36
3059,0.44
6300,0.37
7251,0.37
5377,0.4
4742,0.34
8587,0.32
6257,0.42
3832,0.43
5200,0.4
1636,0.39
9046,0.37
2802,0.38
6597,0.49
1443,0.36
9967,0.39
6458,0.32
1701,0.37
6183,0.37
2568,0.39
5782,0.31
728,0.38
4245,0.33
1071,0.36
1101,0.44
5292,0.39
4200,0.31
9177,0.2
8852,0.19
8449,0.32
2936,0.25
9831,0.35
3811,0.3
1168,0.27
7510,0.37
6018,0.49
1778,0.29
830,0.34
3899,0.38
9212,0.3
8,0.32
8238,0.36
2932,0.34
8737,0.53
7831,0.3
6115,0.42
6272,0.29
8002,0.34
2084,0.33
144,0.35
1795,0.36
5105,0.38
6052,0.29
4440,0.35
8521,0.31
9131,0.35
3790,0.4
8408,0.45
7677,0.45
284,0.45
1266,0.35
8543,0.33
73,0.45
3850,0.37
1634,0.53
9313,0.43
1193,0.45
2128,0.42
2778,0.32
9774,0.41
7002,0.35
4381,0.38
8227,0.42
8041,0.37
8779,0.29
408,0.38
6282,0.39
9249,0.47
4769,0.4
259,0.32
9783,0.39
4338,0.42
1914,0.36
6723,0.33
1397,0.37
7308,0.48
1085,0.37
4737,0.43
2318,0.37
4309,0.37
7095,0.35
8478,0.39
7775,0.4
1054,0.47
8581,0.4
5461,0.43
9583,0.34
2682,0.39
8416,0.41
8160,0.27
1951,0.23
4877,0.46
7976,0.44
6595,0.41
236,0.45
7710,0.3
2991,0.48
6449,0.44
8539,0.47
5525,0.35
5099,0.36
53,0.31
7575,0.36
1496,0.31
1924,0.32
7438,0.57
9435,0.36
6796,0.3
7527,0.34
6312,0.38
3695,0.45
2152,0.27
9233,0.46
8690,0.36
2134,0.25
2486,0.31
7305,0.32
8939,0.37
4798,0.46
5699,0.31
5339,0.34
7163,0.38
5441,0.46
8540,0.48
4698,0.33
6090,0.28
6405,0.4
5332,0.38
9830,0.45
9105,0.31
7592,0.43
8135,0.35
6562,0.39
8933,0.31
3573,0.39
5875,0.37
227,0.21
7824,0.42
7825,0.41
2090,0.38
7763,0.41
6990,0.43
8431,0.36
9844,0.4
7938,0.49
4989,0.33
5556,0.32
6898,0.42
6576,0.41
8138,0.35
3328,0.45
5786,0.33
5894,0.3
7259,0.35
9215,0.34
8216,0.47
6899,0.48
8573,0.4
9405,0.37
7290,0.3
8987,0.44
4369,0.35
659,0.45
8142,0.35
6270,0.43
1229,0.36
3879,0.36
4451,0.42
2498,0.37
8270,0.36
5663,0.43
60,0.32
8685,0.36
6313,0.41
3589,0.33
5749,0.38
47,0.37
2999,0.29
6178,0.43
2384,0.39
781,0.34
6806,0.36
5325,0.41
7031,0.31
6416,0.42
5312,0.34
5460,0.41
2079,0.37
651,0.34
2439,0.43
3638,0.35
1005,0.48
5298,0.54
6121,0.3
885,0.47
8406,0.45
6137,0.41
3963,0.3
5710,0.47
180,0.38
5140,0.34
4777,0.33
5513,0.41
3143,0.38
8320,0.18
3688,0.38
6498,0.38
3344,0.47
6189,0.31
2336,0.36
4696,0.58
1137,0.32
5290,0.48
823,0.46
5811,0.37
5085,0.39
5264,0.26
138,0.33
1270,0.41
1274,0.31
7572,0.33
225,0.31
3730,0.26
2519,0.26
5271,0.24
713,0.36
2693,0.29
2542,0.4
2297,0.44
5412,0.25
3089,0.44
5604,0.44
5147,0.39
866,0.37
9372,0.45
286,0.3
5004,0.41
4097,0.26
7501,0.4
3054,0.36
8745,0.41
733,0.33
2202,0.39
1259,0.29
1980,0.31
6132,0.37
7634,0.33
3309,0.35
1267,0.31
2462,0.41
948,0.47
4214,0.37
3621,0.36
1392,0.47
3539,0.37
8962,0.45
2559,0.36
899,0.32
3595,0.34
9184,0.21
4880,0.38
8031,0.32
2928,0.33
4928,0.35
5540,0.36
6536,0.32
6307,0.3
5401,0.42
7425,0.38
5888,0.31
7128,0.45
703,0.32
7840,0.25
3391,0.36
1751,0.47
7835,0.26
8037,0.34
5661,0.39
3627,0.39
7792,0.36
7662,0.48
3863,0.34
3394,0.42
3447,0.4
8688,0.38
3346,0.44
7263,0.37
4603,0.31
6470,0.36
4511,0.29
5592,0.26
8894,0.37
8859,0.43
5962,0.32
8220,0.43
6297,0.36
3254,0.43
2941,0.34
8846,0.46
5037,0.45
3854,0.34
8592,0.47
5720,0.31
4784,0.44
7870,0.42
344,0.35
7746,0.35
2236,0.35
9850,0.39
378,0.45
4493,0.35
8305,0.37
1307,0.4
6036,0.39
8577,0.38
420,0.38
9341,0.37
5817,0.34
342,0.34
20,0.3
4582,0.34
8362,0.36
7340,0.27
2592,0.3
6619,0.28
9380,0.39
5675,0.32
1566,0.49
2668,0.37
7127,0.43
6693,0.42
3719,0.38
9860,0.37
5150,0.32
5419,0.38
1122,0.3
882,0.33
7171,0.38
6859,0.25
2343,0.42
5008,0.33
8187,0.29
6238,0.31
9024,0.41
6148,0.31
3456,0.36
7796,0.33
4518,0.3
9088,0.48
3084,0.42
9657,0.46
5978,0.31
6502,0.26
7668,0.34
678,0.36
816,0.45
6287,0.46
903,0.28
130,0.34
3381,0.27
1850,0.46
8327,0.4
7514,0.32
1677,0.48
6882,0.41
7855,0.46
1417,0.48
4635,0.34
2830,0.39
5414,0.37
2310,0.27
5493,0.28
3978,0.29
8798,0.24
936,0.32
5005,0.38
8915,0.38
2891,0.39
4845,0.43
2812,0.26
3385,0.36
7699,0.37
2909,0.28
3554,0.44
1986,0.35
8077,0.19
97,0.29
1673,0.43
4298,0.31
7747,0.42
9702,0.44
6544,0.32
991,0.37
9264,0.35
941,0.38
8284,0.27
1374,0.39
6930,0.25
6756,0.32
7341,0.28
9792,0.38
7755,0.38
5428,0.34
9540,0.33
6472,0.34
8601,0.23
857,0.44
5785,0.37
9958,0.26
1835,0.52
7021,0.26
6768,0.49
9469,0.28
642,0.49
3477,0.34
828,0.45
2959,0.36
6758,0.39
1830,0.29
8669,0.35
6323,0.41
7712,0.39
1212,0.39
3312,0.46
9135,0.29
4004,0.49
7311,0.38
3486,0.43
2212,0.34
5177,0.37
6382,0.4
8777,0.5
9769,0.32
2554,0.4
8344,0.35
7617,0.24
2389,0.31
9155,0.3
8609,0.41
3815,0.39
3834,0.27
9092,0.34
9991,0.46
1154,0.38
3348,0.33
38,0.26
58,0.46
1309,0.27
7661,0.41
3844,0.35
1174,0.33
7713,0.28
2561,0.34
3407,0.39
6925,0.29
8022,0.35
8696,0.43
734,0.24
9886,0.25
7188,0.31
3862,0.37
6642,0.41
8336,0.39
3425,0.24
9580,0.43
2259,0.27
4032,0.42
9672,0.51
3661,0.32
8588,0.42
9288,0.42
6634,0.26
7538,0.39
7807,0.42
7459,0.38
8709,0.38
8950,0.5
5891,0.38
3800,0.44
6355,0.49
4199,0.41
5551,0.34
815,0.33
3563,0.35
397,0.46
6424,0.28
3201,0.49
6831,0.34
4310,0.52
1690,0.34
2004,0.53
9053,0.29
9312,0.33
4588,0.34
7160,0.43
41,0.43
7392,0.34
2807,0.36
9295,0.45
2983,0.25
5349,0.33
8877,0.3
499,0.35
4196,0.38
9929,0.33
2633,0.54
4526,0.43
8354,0.45
9296,0.4
3992,0.34
5018,0.37
2464,0.43
7091,0.35
2263,0.41
8510,0.28
9854,0.32
2644,0.39
6499,0.33
8370,0.36
2745,0.22
9944,0.36
1029,0.36
5203,0.45
5711,0.35
5656,0.45
5071,0.39
4620,0.5
9668,0.46
5479,0.33
4656,0.32
6103,0.49
3622,0.35
5275,0.48
9476,0.49
1885,0.52
9829,0.28
1233,0.39
4270,0.36
4522,0.33
5151,0.38
1432,0.31
8242,0.3
2531,0.24
348,0.31
4271,0.39
1111,0.37
219,0.34
5453,0.38
5458,0.41
8254,0.44
6730,0.38
5379,0.4
8564,0.44
7100,0.4
6004,0.49
5642,0.27
599,0.4
6782,0.43
3417,0.31
5406,0.23
888,0.41
7481,0.3
3571,0.43
641,0.44
8278,0.39
6140,0.39
547,0.49
9806,0.34
7387,0.34
5283,0.46
7718,0.43
913,0.29
8650,0.44
6152,0.45
2210,0.25
9420,0.44
2239,0.5
7863,0.36
8426,0.28
2136,0.31
870,0.35
6000,0.36
1523,0.4
4664,0.37
3533,0.4
6700,0.47
5184,0.35
1653,0.23
966,0.38
5632,0.49
5533,0.38
5269,0.36
9199,0.41
8845,0.34
2231,0.38
3423,0.31
8272,0.29
3738,0.47
3995,0.47
9796,0.45
1685,0.27
4010,0.34
707,0.4
880,0.37
3315,0.44
8139,0.53
4417,0.36
7771,0.37
6563,0.47
9495,0.47
5527,0.33
1284,0.4
4253,0.42
3943,0.36
5053,0.35
8288,0.46
9224,0.35
7624,0.4
6947,0.24
8888,0.28
3620,0.38
3796,0.33
9742,0.28
9141,0.39
5763,0.48
6087,0.4
128,0.39
9143,0.31
2784,0.35
2716,0.29
5521,0.33
9934,0.63
8548,0.46
1650,0.38
5505,0.33
2265,0.32
5597,0.23
7756,0.38
1006,0.31
9112,0.27
8697,0.42
2427,0.34
7850,0.34
3984,0.33
7953,0.5
7887,0.39
3145,0.49
6379,0.42
9863,0.36
6356,0.32
2788,0.38
4988,0.36
6097,0.27
7638,0.41
6045,0.39
1219,0.32
5684,0.33
4952,0.47
8234,0.33
8516,0.35
1132,0.31
7845,0.33
8065,0.34
6302,0.33
9421,0.36
9874,0.34
2717,0.4
6431,0.41
8458,0.35
9763,0.33
1087,0.42
1214,0.26
8084,0.41
4072,0.44
8702,0.38
556,0.37
3424,0.34
9250,0.45
3389,0.5
4850,0.28
1381,0.36
2566,0.29
9623,0.38
4198,0.39
6826,0.36
1150,0.31
8604,0.41
1157,0.44
4248,0.47
6,0.23
1785,0.34
4859,0.22
3507,0.35
5353,0.3
6124,0.4
8994,0.37
8964,0.32
5838,0.16
3929,0.4
8948,0.37
5644,0.35
9518,0.45
6453,0.35
2699,0.43
6082,0.37
3829,0.44
969,0.3
2844,0.34
4757,0.44
2981,0.39
1618,0.34
6527,0.36
7847,0.3
6777,0.4
2753,0.38
2289,0.45
5852,0.37
1234,0.37
9997,0.45
5162,0.44
4472,0.35
5281,0.49
5526,0.33
4624,0.5
1236,0.53
1935,0.38
4467,0.35
9343,0.38
358,0.35
4881,0.33
308,0.4
2882,0.42
971,0.43
639,0.5
1686,0.39
4316,0.26
3457,0.39
2841,0.45
395,0.39
2308,0.35
929,0.32
7439,0.37
3271,0.36
8020,0.4
7927,0.37
3518,0.44
485,0.29
5608,0.47
3158,0.39
8723,0.43
322,0.43
5751,0.53
551,0.33
9471,0.36
9712,0.39
6250,0.33
5106,0.47
2570,0.42
7471,0.33
7594,0.39
8621,0.52
2328,0.39
5679,0.43
7913,0.44
9000,0.42
574,0.23
1832,0.45
7880,0.45
2201,0.33
3831,0.26
4055,0.43
8954,0.32
2444,0.32
2186,0.41
9253,0.42
5234,0.25
5104,0.31
2103,0.53
7336,0.4
1649,0.41
5072,0.44
7490,0.43
1730,0.45
4293,0.32
912,0.27
7589,0.37
9067,0.28
1647,0.32
6239,0.37
4442,0.33
7472,0.41
6844,0.4
3764,0.5
29,0.39
7269,0.29
864,0.43
4955,0.44
4662,0.35
4749,0.44
1353,0.47
892,0.47
5156,0.2
3692,0.44
8131,0.41
8385,0.37
9770,0.35
4458,0.32
3152,0.37
3924,0.37
6444,0.26
1044,0.4
7646,0.39
5456,0.26
8070,0.54
2298,0.31
9398,0.35
3205,0.41
555,0.37
3713,0.51
8100,0.44
2951,0.23
1473,0.35
1693,0.44
3298,0.37
8743,0.37
7226,0.32
638,0.37
2562,0.41
3220,0.3
9802,0.46
2507,0.36
893,0.31
7614,0.34
2825,0.3
1818,0.43
7765,0.42
2861,0.37
3703,0.32
3930,0.38
8956,0.31
6957,0.3
3050,0.44
5257,0.37
1607,0.38
1350,0.46
9101,0.3
778,0.29
7555,0.38
7175,0.44
278,0.34
3806,0.29
3388,0.28
5009,0.3
9039,0.33
8936,0.27
4354,0.4
1253,0.36
9129,0.29
645,0.37
8910,0.42
8996,0.25
6160,0.32
6918,0.3
6195,0.3
2223,0.36
9899,0.28
5721,0.38
4754,0.35
9643,0.35
9166,0.42
36,0.41
4521,0.39
6218,0.46
174,0.43
2517,0.31
5336,0.44
5048,0.42
1823,0.24
3111,0.38
6621,0.39
7708,0.45
7869,0.37
8695,0.5
9126,0.34
1136,0.27
6285,0.47
629,0.43
266,0.5
7152,0.42
2868,0.28
6856,0.51
6712,0.29
6616,0.31
3744,0.23
1065,0.41
3189,0.32
4767,0.36
9921,0.29
5258,0.43
7509,0.3
1319,0.39
795,0.25
5577,0.35
4459,0.45
7987,0.38
4542,0.35
3113,0.37
3859,0.41
1829,0.38
4477,0.38
9400,0.23
6559,0.36
6184,0.45
5944,0.4
8111,0.41
9531,0.39
2943,0.33
2270,0.36
9903,0.47
4650,0.39
6606,0.44
4119,0.41
7196,0.38
8109,0.3
1859,0.39
6553,0.34
1519,0.31
251,0.34
494,0.47
7558,0.43
1056,0.34
9725,0.37
4096,0.25
5261,0.53
5609,0.36
6263,0.4
2708,0.28
489,0.47
1117,0.35
2731,0.39
9303,0.46
6524,0.39
5029,0.38
8843,0.36
9457,0.49
8062,0.46
7561,0.34
2182,0.31
8705,0.42
5984,0.46
9559,0.39
2657,0.38
1277,0.24
5764,0.35
3635,0.26
5388,0.37
955,0.31
3144,0.37
6949,0.37
4794,0.41
5605,0.44
5398,0.4
2986,0.46
9147,0.36
5982,0.53
1762,0.4
5486,0.28
5920,0.35
3062,0.46
2112,0.39
3306,0.32
8075,0.36
9059,0.47
2811,0.37
1442,0.38
9945,0.36
3564,0.5
6212,0.37
6521,0.29
1546,0.38
9151,0.34
8553,0.4
9923,0.41
3939,0.41
5673,0.37
2230,0.39
9815,0.32
5860,0.36
1163,0.38
9851,0.39
6663,0.39
7641,0.3
470,0.34
1601,0.37
64,0.3
5477,0.47
705,0.39
8235,0.34
4166,0.37
7813,0.43
1171,0.38
4829,0.32
8067,0.25
1844,0.42
4766,0.44
5688,0.4
1824,0.42
9865,0.29
3861,0.33
9534,0.21
4673,0.36
5906,0.33
8050,0.3
6504,0.31
7707,0.39
9726,0.26
4560,0.28
6354,0.43
3657,0.34
5700,0.33
5601,0.4
4575,0.38
7603,0.3
1208,0.3
5702,0.38
5554,0.41
8927,0.38
5913,0.37
5445,0.32
2183,0.38
2530,0.39
3492,0.28
3923,0.39
3732,0.3
5846,0.45
6931,0.42
2972,0.27
4174,0.34
2177,0.49
8115,0.35
9579,0.26
4019,0.35
4038,0.31
9274,0.38
3192,0.31
1786,0.44
4129,0.24
5863,0.37
1909,0.41
8808,0.42
9634,0.23
8394,0.3
443,0.38
3936,0.32
5246,0.34
8520,0.38
7703,0.38
5310,0.39
4551,0.29
4711,0.25
2193,0.39
3095,0.35
6320,0.28
7711,0.4
8789,0.36
3632,0.44
1790,0.36
9273,0.34
8130,0.39
8770,0.36
5205,0.3
4831,0.38
6327,0.37
8170,0.36
1355,0.41
4376,0.47
9360,0.64
4517,0.36
2309,0.51
6049,0.36
6125,0.46
3600,0.52
7674,0.35
5614,0.41
9720,0.44
1840,0.34
4498,0.37
8872,0.31
1593,0.37
6029,0.31
3004,0.41
8294,0.42
9397,0.38
6372,0.44
4060,0.4
667,0.25
7155,0.47
9858,0.27
4108,0.4
2575,0.37
5144,0.32
4972,0.21
8567,0.41
2860,0.33
8455,0.38
9317,0.28
5716,0.36
4652,0.31
7139,0.4
2455,0.27
1264,0.33
9074,0.26
5535,0.42
4281,0.42
1352,0.33
5951,0.4
5381,0.46
8179,0.58
4265,0.35
8257,0.32
2505,0.39
8391,0.38
2060,0.3
2643,0.51
4243,0.29
3466,0.33
745,0.41
8042,0.25
9441,0.3
9896,0.41
2965,0.27
9103,0.37
6654,0.38
7231,0.32
6674,0.31
9213,0.44
5133,0.43
4573,0.39
4527,0.25
7783,0.34
153,0.38
8530,0.4
5222,0.41
8545,0.42
3366,0.42
6326,0.4
1591,0.34
3787,0.28
89,0.35
8886,0.32
945,0.48
1093,0.36
5828,0.33
5357,0.19
9790,0.34
6554,0.33
2066,0.43
3785,0.39
8549,0.39
7860,0.38
1931,0.29
1068,0.32
353,0.38
8019,0.53
173,0.33
4736,0.45
2503,0.29
5588,0.3
4838,0.31
1902,0.19
5434,0.36
9034,0.36
2120,0.41
607,0.5
1606,0.44
303,0.37
2133,0.43
3043,0.39
6752,0.4
8161,0.49
5074,0.27
8194,0.47
5256,0.46
9186,0.32
1167,0.47
4759,0.31
8829,0.32
6253,0.39
191,0.32
5670,0.29
3739,0.47
4663,0.37
2424,0.33
2430,0.46
9417,0.37
1708,0.44
6366,0.37
7877,0.39
8957,0.46
7342,0.32
1985,0.4
23,0.4
7950,0.25
40,0.46
5093,0.38
6496,0.34
3077,0.49
5613,0.39
6255,0.5
2525,0.46
3276,0.46
3704,0.25
8732,0.3
4025,0.39
1953,0.42
2095,0.27
5365,0.36
793,0.43
37,0.49
1897,0.36
449,0.38
5478,0.39
8787,0.31
319,0.35
7343,0.17
8333,0.43
4448,0.41
145,0.43
3985,0.44
3246,0.3
7486,0.28
2035,0.49
1964,0.44
5945,0.33
7109,0.38
5681,0.56
7118,0.31
1961,0.27
5231,0.39
1076,0.33
1564,0.41
2664,0.38
9367,0.38
5160,0.35
4428,0.33
4592,0.3
4553,0.27
1464,0.47
4734,0.35
8922,0.35
4604,0.34
3727,0.38
6001,0.39
406,0.33
1584,0.47
8026,0.33
9868,0.39
8830,0.38
3229,0.41
2277,0.46
1187,0.31
2337,0.43
704,0.33
8006,0.44
6547,0.53
7723,0.27
5745,0.3
4041,0.35
2358,0.45
3818,0.46
6469,0.32
3586,0.42
4946,0.29
9136,0.33
5878,0.4
8064,0.45
9718,0.32
7955,0.44
3580,0.41
4373,0.35
8642,0.22
410,0.28
2017,0.38
9031,0.28
2766,0.41
3907,0.36
3334,0.34
132,0.27
1737,0.48
1626,0.4
5750,0.34
4864,0.46
2007,0.3
5383,0.25
6345,0.34
7859,0.4
5459,0.21
5660,0.46
835,0.4
6191,0.36
2843,0.36
7520,0.49
7714,0.46
3553,0.4
4626,0.4
6717,0.38
5433,0.39
3230,0.41
3411,0.36
7979,0.21
9145,0.52
8744,0.4
4863,0.33
2670,0.48
1974,0.3
7809,0.36
6695,0.41
5393,0.45
3953,0.43
6232,0.26
6118,0.44
8958,0.39
2221,0.3
5537,0.36
6792,0.45
220,0.39
6681,0.38
6747,0.47
1526,0.43
374,0.4
4334,0.35
148,0.38
6105,0.48
711,0.39
7670,0.43
9669,0.32
6653,0.32
6906,0.35
6629,0.27
3051,0.43
5732,0.32
8040,0.36
3088,0.37
6533,0.34
6289,0.3
3774,0.46
2870,0.39
3262,0.47
2174,0.38
5352,0.31
3979,0.38
1577,0.51
1950,0.35
4121,0.46
4804,0.33
2220,0.35
6245,0.35
4852,0.21
6581,0.37
6330,0.3
7625,0.29
4753,0.42
8761,0.36
7247,0.31
7891,0.31
9513,0.34
799,0.38
1923,0.33
6811,0.29
102,0.44
7578,0.37
6861,0.33
3538,0.26
7378,0.28
9800,0.45
1407,0.39
2038,0.42
5024,0.37
9284,0.39
1145,0.31
9500,0.37
3212,0.33
9661,0.43
9542,0.51
2696,0.46
8219,0.44
4637,0.29
7744,0.31
1192,0.37
3567,0.37
1096,0.37
7695,0.34
796,0.3
7760,0.36
8329,0.36
8319,0.24
1430,0.33
2301,0.28
5713,0.46
9615,0.44
3367,0.28
5173,0.32
5410,0.37
9314,0.39
1878,0.39
3639,0.38
5121,0.42
384,0.39
429,0.4
8345,0.44
4152,0.32
9654,0.41
6486,0.26
8700,0.4
9646,0.49
9261,0.39
9609,0.46
2996,0.39
4130,0.34
2222,0.4
8831,0.31
7740,0.47
3239,0.43
8584,0.4
4942,0.41
3180,0.45
7627,0.35
9044,0.41
5137,0.36
2736,0.35
1699,0.27
5179,0.36
7370,0.37
9920,0.35
5331,0.37
2104,0.43
2947,0.33
6347,0.47
4146,0.31
2026,0.38
8807,0.41
7236,0.33
3565,0.38
9320,0.39
5218,0.33
7570,0.27
772,0.5
8855,0.37
2099,0.35
7781,0.41
4145,0.47
9681,0.42
9993,0.31
3968,0.32
5777,0.35
2144,0.4
3490,0.45
6163,0.37
5075,0.39
1223,0.48
5422,0.37
2140,0.34
2203,0.38
8735,0.37
444,0.35
172,0.4
3415,0.37
6959,0.33
4007,0.43
8395,0.37
6510,0.39
1507,0.34
4944,0.46
4264,0.46
4871,0.45
375,0.37
2438,0.36
8804,0.42
2688,0.3
9600,0.54
2579,0.39
9414,0.34
6157,0.3
6441,0.37
9010,0.33
7460,0.31
7073,0.35
5762,0.36
8045,0.47
9717,0.39
5850,0.35
3694,0.36
686,0.34
6933,0.21
1495,0.42
2748,0.37
5251,0.35
1594,0.42
3986,0.23
6996,0.36
8728,0.56
3737,0.42
8906,0.29
6842,0.48
1489,0.48
4085,0.43
2608,0.38
1613,0.44
9780,0.39
3526,0.42
8920,0.44
3178,0.36
8396,0.34
5637,0.28
50,0.42
4236,0.39
9167,0.42
2264,0.43
12,0.4
992,0.45
5967,0.29
6830,0.39
1544,0.31
6668,0.37
2305,0.26
720,0.43
7096,0.46
9211,0.32
4758,0.23
1275,0.39
3835,0.37
7588,0.33
104,0.42
5868,0.36
5629,0.33
9149,0.43
4659,0.32
7429,0.4
1576,0.44
5825,0.38
839,0.36
807,0.42
2378,0.29
7650,0.45
9207,0.32
2711,0.36
1232,0.35
7241,0.4
2764,0.37
2706,0.47
7000,0.29
1031,0.43
4861,0.34
6348,0.36
2271,0.5
4641,0.46
6422,0.26
3975,0.45
3976,0.34
94,0.34
9721,0.39
2331,0.42
483,0.29
8410,0.44
5415,0.4
9813,0.52
4853,0.48
7339,0.36
1678,0.38
5311,0.44
1957,0.4
3232,0.53
142,0.32
5169,0.34
4800,0.39
8876,0.38
1138,0.53
5634,0.37
9464,0.3
9117,0.27
9900,0.33
9679,0.49
7380,0.32
9943,0.35
7125,0.32
2320,0.49
6868,0.32
5933,0.33
1753,0.48
7258,0.31
8689,0.32
7581,0.37
9173,0.36
8462,0.23
3453,0.41
905,0.19
1036,0.43
6546,0.38
8759,0.41
4996,0.51
2459,0.29
1605,0.21
4461,0.38
1376,0.36
9584,0.32
5158,0.4
7910,0.42
7485,0.44
1612,0.31
2388,0.41
4335,0.31
2885,0.37
9279,0.28
8487,0.27
4951,0.44
919,0.4
4725,0.4
7545,0.56
5333,0.32
4957,0.41
7884,0.39
5827,0.29
6558,0.29
5790,0.44
2884,0.34
1565,0.38
376,0.43
4175,0.44
5895,0.43
2169,0.42
3204,0.33
8009,0.32
8713,0.39
8071,0.32
31,0.31
6540,0.28
5935,0.29
4732,0.45
3765,0.44
2820,0.28
2097,0.39
2146,0.34
1000,0.32
840,0.38
9018,0.29
9017,0.43
1003,0.32
5696,0.41
8358,0.35
7454,0.31
6955,0.33
9591,0.36
5870,0.39
5849,0.33
8106,0.29
44,0.4
2028,0.37
3259,0.32
5391,0.46
6485,0.44
5741,0.42
7431,0.48
2445,0.35
7507,0.39
9292,0.38
2719,0.44
1160,0.4
5989,0.54
4594,0.4
8419,0.42
5668,0.56
1954,0.24
5444,0.42
4971,0.29
4994,0.35
6334,0.39
9007,0.44
4482,0.44
9955,0.5
2250,0.38
5861,0.38
3003,0.42
2842,0.33
9585,0.42
2027,0.34
1359,0.37
6019,0.32
4625,0.39
9290,0.37
7904,0.3
2432,0.24
4495,0.41
192,0.37
3035,0.52
3851,0.28
9601,0.57
2810,0.36
3576,0.46
9959,0.39
1726,0.32
2335,0.35
5936,0.34
1420,0.37
7350,0.32
3194,0.43
9214,0.43
9443,0.27
5730,0.28
9268,0.4
63,0.48
4239,0.47
4389,0.29
8133,0.35
6580,0.37
9376,0.35
3763,0.24
5265,0.36
4832,0.54
7356,0.42
5139,0.43
4678,0.43
9575,0.4
4779,0.26
7019,0.45
6096,0.4
2524,0.36
5519,0.29
7492,0.4
4547,0.29
7544,0.41
1709,0.36
9357,0.3
5892,0.35
457,0.35
9853,0.31
4266,0.45
6750,0.28
2405,0.42
2468,0.52
6976,0.36
2162,0.41
6226,0.42
6917,0.37
5552,0.41
4820,0.45
9734,0.38
5496,0.37
7068,0.33
6838,0.23
9208,0.36
4424,0.4
3588,0.42
6940,0.46
8911,0.34
5641,0.45
974,0.36
633,0.4
2977,0.31
8557,0.44
9352,0.38
5628,0.48
2283,0.34
8721,0.46
2583,0.45
2934,0.44
2266,0.39
8183,0.42
1518,0.3
7132,0.39
7671,0.33
9691,0.38
3034,0.46
4359,0.38
9927,0.3
2828,0.45
1927,0.29
7982,0.35
1151,0.42
7902,0.42
2921,0.36
3649,0.59
9353,0.32
9350,0.36
6948,0.4
8452,0.42
4088,0.32
7704,0.36
27,0.23
612,0.31
9122,0.4
9820,0.31
4225,0.41
8561,0.38
6726,0.53
7359,0.44
7292,0.41
9630,0.39
2421,0.45
3839,0.47
7224,0.31
5649,0.32
5580,0.34
7644,0.38
8562,0.4
9174,0.36
2037,0.33
3482,0.27
6643,0.25
6223,0.29
1455,0.49
2374,0.42
2164,0.41
8003,0.29
2387,0.41
4704,0.37
6342,0.52
1251,0.32
6807,0.4
1853,0.41
9472,0.38
8060,0.21
5929,0.45
9378,0.29
7854,0.35
6542,0.5
2311,0.47
4744,0.4
257,0.33
4336,0.42
3596,0.47
379,0.29
169,0.4
6200,0.29
5465,0.27
2957,0.28
4080,0.45
6447,0.31
9076,0.35
5482,0.5
4057,0.42
3802,0.34
5043,0.46
2041,0.38
7,0.32
2599,0.37
4001,0.37
2429,0.46
650,0.45
5832,0.39
1347,0.43
2267,0.41
9569,0.34
6392,0.33
4671,0.37
1258,0.43
1805,0.32
6981,0.44
7334,0.28
7462,0.3
7929,0.33
2086,0.39
2660,0.35
6505,0.47
7225,0.27
7725,0.46
242,0.5
7011,0.36
2175,0.42
2852,0.46
2654,0.5
9603,0.31
1249,0.34
5237,0.42
5770,0.4
1364,0.45
8149,0.36
4729,0.39
5378,0.37
3421,0.42
5386,0.49
165,0.54
8463,0.43
5155,0.35
1471,0.42
5028,0.35
4911,0.39
1144,0.46
5715,0.36
7706,0.32
8698,0.45
269,0.39
5023,0.3
1037,0.47
6259,0.51
2412,0.31
2832,0.46
4923,0.4
430,0.5
2287,0.35
7404,0.43
7441,0.5
4400,0.47
8034,0.34
4278,0.25
538,0.42
4819,0.43
9671,0.24
7616,0.36
4747,0.36
1574,0.43
8228,0.25
4058,0.42
552,0.38
9878,0.48
2419,0.52
8556,0.41
7577,0.25
4112,0.49
4445,0.35
9947,0.29
9963,0.41
2282,0.46
6293,0.29
6845,0.33
7921,0.34
159,0.51
1500,0.29
5804,0.42
2122,0.36
1436,0.52
1227,0.27
8912,0.53
6908,0.4
3842,0.35
7918,0.47
2618,0.37
7965,0.54
1283,0.5
9463,0.38
4333,0.35
5607,0.38
5308,0.42
8127,0.45
2484,0.37
87,0.33
340,0.35
6396,0.12
5207,0.5
3762,0.5
1971,0.38
2607,0.53
9128,0.49
4630,0.37
7730,0.28
7395,0.35
5039,0.47
5853,0.58
9337,0.33
4419,0.29
524,0.36
6633,0.3
7628,0.28
1306,0.47
6829,0.28
9445,0.29
8445,0.44
5708,0.38
4557,0.36
2917,0.31
5880,0.5
1272,0.37
8292,0.29
2659,0.41
2794,0.29
1401,0.35
1361,0.36
9582,0.41
8662,0.32
9576,0.37
5082,0.44
3752,0.32
3122,0.59
730,0.34
8374,0.39
3218,0.5
156,0.33
7478,0.43
2247,0.29
9872,0.33
158,0.41
1346,0.34
3228,0.56
1351,0.35
3767,0.46
361,0.25
6892,0.44
1539,0.55
267,0.33
1516,0.35
9170,0.48
696,0.36
8403,0.32
554,0.39
8818,0.31
8498,0.37
296,0.39
2423,0.31
7111,0.31
8237,0.39
106,0.57
109,0.35
265,0.36
9460,0.29
9482,0.38
4490,0.25
7365,0.21
5212,0.29
5739,0.36
5432,0.22
1803,0.39
2303,0.33
3433,0.42
9675,0.4
3743,0.41
8383,0.41
8361,0.38
655,0.35
5244,0.36
8860,0.4
2978,0.37
1553,0.31
9663,0.39
7940,0.31
7119,0.36
6494,0.39
3123,0.41
1687,0.38
6215,0.41
4210,0.39
9909,0.31
1127,0.39
7142,0.41
3517,0.34
5911,0.43
6385,0.45
1378,0.47
1413,0.45
9042,0.38
1722,0.31
6015,0.41
4056,0.41
9749,0.32
7074,0.45
1578,0.31
1340,0.4
855,0.44
9446,0.49
9188,0.27
3270,0.33
764,0.29
4915,0.39
364,0.41
4615,0.41
3546,0.3
8121,0.32
9027,0.31
3285,0.28
844,0.4
8631,0.36
6006,0.36
9871,0.35
96,0.41
5086,0.4
7442,0.18
1426,0.39
7754,0.22
9541,0.28
105,0.48
4106,0.49
5110,0.43
9023,0.42
9415,0.39
2031,0.36
4958,0.39
3751,0.63
4386,0.3
6572,0.38
8803,0.4
7568,0.33
436,0.35
4083,0.33
6128,0.34
2281,0.46
6655,0.48
8326,0.37
6516,0.43
7815,0.41
187,0.3
6107,0.41
1289,0.44
9191,0.36
2966,0.33
802,0.33
5844,0.47
3130,0.32
4141,0.51
1058,0.37
486,0.38
4580,0.47
7958,0.44
1865,0.4
4447,0.42
8811,0.36
9766,0.43
7663,0.34
4109,0.41
3601,0.24
9127,0.36
3171,0.53
9833,0.3
177,0.42
5665,0.39
7117,0.45
1049,0.31
6605,0.45
6136,0.34
7027,0.36
9753,0.49
3055,0.33
1735,0.39
4621,0.37
520,0.38
9667,0.24
7989,0.44
8007,0.48
1141,0.45
2527,0.25
4275,0.28
8863,0.33
5542,0.33
7553,0.35
2275,0.29
4529,0.24
5285,0.34
8965,0.45
6492,0.31
9276,0.24
5831,0.34
3140,0.32
1427,0.52
4189,0.38
3365,0.24
8074,0.35
3952,0.32
3198,0.34
8935,0.42
8024,0.34
1014,0.41
9690,0.4
3722,0.44
8704,0.32
9737,0.43
1358,0.43
9714,0.41
8351,0.32
7176,0.43
3219,0.39
3720,0.46
8865,0.38
7898,0.42
7210,0.36
377,0.36
2581,0.35
8671,0.36
1932,0.44
3295,0.38
228,0.3
7842,0.51
2683,0.38
5914,0.56
1630,0.47
3318,0.38
6610,0.48
9228,0.42
6173,0.34
3989,0.31
3437,0.28
7689,0.52
5998,0.43
7332,0.31
2226,0.41
7345,0.26
6825,0.22
8306,0.3
729,0.38
7787,0.42
522,0.4
7229,0.37
9085,0.36
7187,0.38
9382,0.38
5216,0.27
8508,0.33
3243,0.33
2094,0.36
7066,0.4
2142,0.5
6119,0.39
5707,0.39
5342,0.41
7944,0.44
6818,0.37
9194,0.36
3419,0.48
7980,0.24
6734,0.42
2033,0.33
3406,0.34
4439,0.44
2756,0.42
9258,0.41
2534,0.49
7788,0.25
9302,0.3
9735,0.34
7440,0.41
5926,0.4
2467,0.35
3578,0.44
5025,0.35
8434,0.32
7265,0.34
8522,0.29
7508,0.35
6321,0.49
9877,0.29
2499,0.36
4332,0.31
7242,0.41
8826,0.41
8716,0.32
4427,0.44
6186,0.31
9043,0.44
4206,0.42
5598,0.4
5466,0.28
6911,0.52
168,0.47
2232,0.24
9090,0.38
964,0.39
8834,0.34
4486,0.37
5044,0.36
7260,0.35
3545,0.36
5051,0.36
2509,0.53
6929,0.4
6513,0.54
7233,0.46
4904,0.38
5620,0.38
1488,0.41
8613,0.38
9565,0.34
5759,0.33
215,0.46
9244,0.39
5214,0.38
2248,0.54
3662,0.4
8476,0.44
8776,0.43
4710,0.47
961,0.39
900,0.34
8680,0.46
8389,0.39
2838,0.35
5476,0.38
9902,0.42
7032,0.28
7679,0.33
2705,0.29
6283,0.4
9344,0.31
2078,0.35
3759,0.39
8118,0.35
3079,0.48
6799,0.39
1515,0.42
1882,0.37
4618,0.32
6452,0.34
8949,0.38
9953,0.3
7450,0.39
3962,0.43
4668,0.47
6012,0.38
1184,0.64
8871,0.37
1841,0.45
4346,0.37
5402,0.41
2401,0.47
8398,0.37
5426,0.31
530,0.43
4100,0.42
268,0.38
9310,0.44
1377,0.38
3442,0.41
5834,0.4
5996,0.25
447,0.34
7639,0.43
1888,0.34
2385,0.38
9651,0.37
382,0.36
3698,0.41
9176,0.35
6474,0.4
5877,0.37
1260,0.37
2954,0.39
8864,0.4
2229,0.56
1383,0.38
5974,0.42
4307,0.41
6609,0.39
9277,0.32
9327,0.32
1411,0.37
7857,0.35
9156,0.49
4312,0.27
9879,0.4
8799,0.36
7692,0.3
6702,0.38
3335,0.48
8722,0.37
1972,0.41
7445,0.35
9922,0.36
1910,0.27
5766,0.36
6995,0.47
155,0.33
9755,0.25
2790,0.35
2356,0.3
7151,0.31
3431,0.38
8921,0.28
2474,0.35
4018,0.37
3893,0.42
246,0.39
2754,0.25
4676,0.37
2805,0.39
9760,0.48
8047,0.37
4812,0.33
2044,0.26
587,0.46
7432,0.35
4681,0.49
3674,0.5
8097,0.39
670,0.33
1788,0.44
1761,0.45
9880,0.41
2006,0.38
8802,0.33
2160,0.29
9231,0.4
7143,0.36
2744,0.44
9387,0.31
7873,0.26
9364,0.35
1864,0.38
5627,0.42
1592,0.38
2576,0.22
5454,0.43
1312,0.37
7672,0.3
8332,0.32
6384,0.42
3938,0.47
2548,0.42
8791,0.43
8207,0.4
5767,0.51
7653,0.27
8923,0.36
9764,0.32
6851,0.41
4969,0.39
1354,0.37
9778,0.43
3549,0.48
9345,0.41
9082,0.27
4086,0.57
5539,0.44
3972,0.3
7157,0.39
2349,0.5
836,0.34
7816,0.38
9686,0.45
2481,0.42
9788,0.28
8924,0.25
4384,0.32
3323,0.32
8068,0.32
5117,0.33
4050,0.43
3301,0.29
9418,0.42
6340,0.34
291,0.43
4746,0.37
4524,0.34
6286,0.44
3535,0.51
2075,0.47
7726,0.26
5816,0.34
4805,0.21
8465,0.34
4642,0.37
161,0.39
2494,0.38
7494,0.31
2759,0.49
2502,0.29
9745,0.45
7097,0.37
1938,0.29
3341,0.38
127,0.42
1121,0.42
921,0.33
9152,0.34
2611,0.36
57,0.37
9781,0.37
8717,0.4
6970,0.44
4192,0.25
4503,0.37
5182,0.44
9665,0.38
9511,0.22
1509,0.45
7947,0.38
2665,0.36
8418,0.42
4534,0.39
2997,0.33
307,0.39
4699,0.36
7818,0.35
3064,0.31
6732,0.36
7110,0.37
7390,0.25
8670,0.25
4608,0.25
7651,0.55
433,0.4
4768,0.41
4961,0.39
9,0.52
3307,0.39
5744,0.47
247,0.34
8882,0.36
4388,0.3
3754,0.35
5742,0.46
3496,0.34
276,0.44
2673,0.46
6261,0.33
1419,0.24
1517,0.31
2945,0.41
6539,0.5
9522,0.38
8470,0.29
2776,0.35
7182,0.36
3487,0.43
3117,0.37
1651,0.33
9003,0.45
5583,0.29
5889,0.41
7102,0.43
3955,0.54
6229,0.36
2428,0.32
7582,0.31
8259,0.34
6863,0.36
5435,0.43
8554,0.23
3903,0.34
2795,0.32
9562,0.35
9404,0.26
9470,0.37
5783,0.29
6133,0.32
7135,0.38
9280,0.45
459,0.36
6864,0.4
4205,0.28
1074,0.45
5867,0.4
7571,0.24
1463,0.52
7262,0.34
8676,0.29
1402,0.36
8448,0.31
2603,0.34
6168,0.43
122,0.3
6766,0.37
3838,0.4
7621,0.36
2117,0.42
7402,0.45
8413,0.37
5254,0.46
3804,0.41
8792,0.33
9329,0.43
6484,0.47
6977,0.33
5692,0.32
4916,0.57
9385,0.42
2545,0.3
8425,0.33
3354,0.41
8159,0.37
1493,0.39
2114,0.32
5671,0.39
4515,0.57
7317,0.41
1797,0.37
9144,0.42
119,0.35
8343,0.51
9392,0.33
222,0.36
7469,0.35
3376,0.47
9448,0.23
2789,0.37
7769,0.44
2993,0.56
2976,0.43
5990,0.43
8095,0.38
662,0.47
7244,0.4
4889,0.42
3053,0.28
6271,0.39
6837,0.37
5701,0.48
8550,0.36
5927,0.43
3047,0.33
7569,0.46
9773,0.36
7107,0.35
9005,0.33
1239,0.29
3279,0.45
9996,0.24
4502,0.46
6236,0.41
6839,0.45
2710,0.48
3322,0.44
9221,0.36
543,0.33
3463,0.42
3687,0.32
3233,0.4
6267,0.5
5385,0.31
5806,0.34
1263,0.43
2205,0.32
6993,0.29
7115,0.36
5138,0.36
6171,0.26
7409,0.35
5488,0.53
8368,0.34
3283,0.27
4401,0.37
2077,0.41
6937,0.34
8879,0.47
1582,0.46
9308,0.34
1204,0.34
1069,0.26
1527,0.28
2892,0.4
5956,0.28
1280,0.29
4077,0.38
9875,0.37
8763,0.43
9077,0.31
4494,0.29
7320,0.43
3478,0.28
3946,0.33
1811,0.4
3849,0.35
9645,0.29
8412,0.41
9597,0.35
3624,0.42
2435,0.43
7838,0.45
9243,0.37
8144,0.44
1125,0.22
224,0.25
8765,0.41
2224,0.38
412,0.31
9438,0.37
1807,0.44
7779,0.36
6974,0.39
2008,0.35
8117,0.29
5429,0.44
788,0.27
6383,0.43
7303,0.39
7848,0.44
591,0.37
2072,0.38
4423,0.33
5789,0.44
8634,0.43
9057,0.39
8742,0.39
2952,0.39
4665,0.41
7357,0.44
6846,0.55
8986,0.33
6190,0.39
744,0.38
2676,0.37
1465,0.52
4095,0.32
2119,0.38
149,0.3
5625,0.32
7751,0.38
1741,0.37
9965,0.35
1941,0.39
1861,0.44
9961,0.44
86,0.46
4841,0.44
3339,0.38
2824,0.39
4414,0.42
2050,0.26
5262,0.48
6607,0.24
8209,0.62
223,0.36
3603,0.35
2730,0.38
3289,0.31
4774,0.43
4949,0.42
2019,0.45
9012,0.33
1554,0.41
1077,0.33
8978,0.37
3378,0.27
6065,0.29
8612,0.42
4053,0.34
8615,0.37
7211,0.34
2679,0.3
7177,0.41
7344,0.35
3261,0.32
5046,0.36
2709,0.4
9538,0.45
6296,0.39
7319,0.32
475,0.4
7968,0.27
7742,0.44
3355,0.36
7300,0.28
7004,0.26
6336,0.29
773,0.27
2961,0.27
3944,0.31
112,0.52
3902,0.3
2046,0.36
9659,0.35
5474,0.4
4311,0.36
91,0.3
5335,0.42
9114,0.26
8938,0.4
8677,0.14
4398,0.36
8711,0.28
2632,0.36
3735,0.37
7238,0.36
1102,0.28
3155,0.47
7753,0.4
6703,0.34
868,0.36
8304,0.3
7453,0.4
7436,0.32
2888,0.44
4739,0.33
6066,0.3
7602,0.29
5176,0.34
5941,0.3
5645,0.31
5079,0.42
3438,0.4
2594,0.51
6889,0.53
9426,0.37
2672,0.19
2315,0.42
1571,0.37
4602,0.37
1504,0.48
7026,0.32
4344,0.35
212,0.33
477,0.42
6053,0.34
7234,0.32
8337,0.35
2815,0.3
3087,0.41
6192,0.44
3203,0.43
6418,0.37
9622,0.57
2589,0.39
5593,0.34
3393,0.33
240,0.34
370,0.35
9624,0.42
1550,0.31
7162,0.31
6611,0.29
1380,0.39
9451,0.36
1988,0.39
4514,0.34
2,0.33
8979,0.38
3247,0.49
8027,0.36
9179,0.33
7018,0.34
1198,0.41
3497,0.43
7596,0.37
8739,0.3
9723,0.39
1869,0.3
6932,0.44
7174,0.41
4530,0.43
9688,0.32
6979,0.37
3428,0.41
5691,0.33
8371,0.24
9989,0.46
4070,0.4
1088,0.41
9458,0.24
9501,0.41
6138,0.4
7146,0.33
3380,0.31
9014,0.31
4868,0.3
3182,0.31
6440,0.36
515,0.42
460,0.46
8300,0.43
1414,0.4
3444,0.34
4601,0.41
1871,0.28
8525,0.36
331,0.48
8147,0.45
9326,0.3
210,0.39
954,0.32
8223,0.24
5819,0.45
9406,0.34
190,0.44
2593,0.29
1573,0.41
3452,0.37
469,0.44
4600,0.49
2332,0.32
1623,0.43
118,0.51
4117,0.43
3609,0.43
1281,0.44
6744,0.37
3971,0.47
9171,0.36
2153,0.38
8377,0.62
321,0.33
6154,0.53
9459,0.23
3885,0.39
4285,0.26
5180,0.41
935,0.36
2992,0.31
2998,0.39
7198,0.4
2211,0.51
1156,0.35
1394,0.37
9333,0.47
4977,0.39
5669,0.29
425,0.43
4543,0.31
7219,0.29
6503,0.47
5633,0.27
6158,0.37
1724,0.42
3199,0.39
5792,0.33
3451,0.34
346,0.43
264,0.45
5078,0.51
775,0.39
1877,0.35
6249,0.43
5092,0.29
1175,0.34
54,0.38
182,0.41
6089,0.47
2653,0.45
9190,0.25
3602,0.38
4537,0.4
7498,0.33
4049,0.26
7732,0.53
8983,0.43
6397,0.27
2876,0.42
4446,0.35
8501,0.38
1107,0.44
7762,0.34
5049,0.34
4651,0.41
5907,0.35
9703,0.47
3642,0.4
8898,0.4
8607,0.32
4510,0.48
9099,0.33
8507,0.37
1057,0.33
9994,0.44
7576,0.49
652,0.42
6535,0.36
3370,0.35
9557,0.39
178,0.38
5848,0.25
5752,0.41
7601,0.43
5857,0.47
4426,0.48
951,0.34
2612,0.42
2853,0.27
5866,0.45
1588,0.35
2111,0.43
3238,0.48
7400,0.33
8594,0.39
3672,0.45
4865,0.32
6622,0.4
3383,0.38
2131,0.49
9195,0.37
5596,0.33
8741,0.28
2091,0.4
6351,0.48
2724,0.53
9422,0.35
6570,0.36
1466,0.55
4226,0.34
1474,0.26
2242,0.2
4775,0.38
7666,0.47
5719,0.56
4781,0.35
4178,0.44
4930,0.39
5563,0.3
7183,0.36
5449,0.25
3881,0.31
565,0.37
6743,0.36
8909,0.28
9209,0.42
8430,0.24
8256,0.41
2420,0.39
154,0.41
5215,0.41
3491,0.46
5196,0.39
9530,0.47
6746,0.26
1820,0.35
1257,0.32
6476,0.51
7759,0.41
648,0.46
8475,0.35
1843,0.41
244,0.33
1589,0.39
5268,0.47
1115,0.48
9008,0.26
6804,0.34
9892,0.44
2319,0.41
6275,0.49
3980,0.39
3990,0.37
6543,0.43
9836,0.37
5858,0.42
5791,0.4
688,0.4
9894,0.5
8230,0.37
6679,0.39
994,0.33
7022,0.42
2433,0.43
9519,0.41
1813,0.4
9547,0.38
8386,0.24
6651,0.45
5840,0.36
9733,0.34
6205,0.26
938,0.29
7463,0.44
1704,0.32
6713,0.42
1486,0.39
8937,0.43
2456,0.26
3872,0.42
3221,0.42
8450,0.37
49,0.5
8125,0.54
7752,0.29
2605,0.4
8727,0.41
8546,0.42
8044,0.31
2901,0.37
5288,0.39
1207,0.3
8202,0.53
1337,0.48
1842,0.38
5323,0.43
4533,0.42
162,0.43
4786,0.5
6991,0.37
6448,0.31
1538,0.41
7966,0.29
1958,0.33
1784,0.39
7358,0.47
7401,0.36
675,0.37
4540,0.5
3691,0.41
4037,0.39
4360,0.44
1405,0.4
4237,0.45
4372,0.45
8046,0.39
6038,0.45
137,0.33
5129,0.35
1530,0.4
502,0.32
8512,0.29
5030,0.52
6076,0.31
3430,0.43
8638,0.43
3316,0.29
9817,0.39
435,0.35
5235,0.36
1896,0.4
8714,0.42
3515,0.35
9979,0.5
7495,0.39
2300,0.36
8495,0.3
8627,0.37
1874,0.47
2143,0.44
5327,0.37
4796,0.34
1883,0.41
6772,0.34
7932,0.33
512,0.28
7338,0.37
8752,0.44
4355,0.45
1682,0.42
4857,0.5
3349,0.27
8165,0.37
4941,0.27
6329,0.34
2217,0.35
6715,0.47
9757,0.29
3303,0.35
8301,0.24
5736,0.43
8360,0.28
7925,0.38
400,0.36
3779,0.33
4421,0.39
1511,0.38
4492,0.59
5969,0.38
3977,0.33
2979,0.33
7893,0.36
3126,0.38
80,0.39
5087,0.41
5788,0.24
5930,0.31
2988,0.34
4113,0.48
5185,0.3
4918,0.49
426,0.33
4220,0.4
2801,0.31
978,0.33
1590,0.34
9286,0.22
9324,0.4
1541,0.41
4026,0.28
2135,0.4
205,0.27
7826,0.4
7688,0.33
1240,0.41
2508,0.43
3636,0.34
2591,0.41
1477,0.44
2626,0.37
5747,0.38
5531,0.26
2345,0.41
3432,0.39
5662,0.42
5980,0.49
1015,0.34
5032,0.51
3941,0.36
2304,0.38
3236,0.47
3745,0.33
2869,0.35
4968,0.21
7384,0.42
3808,0.36
1362,0.35
5495,0.51
4464,0.39
8593,0.35
1226,0.35
1563,0.31
9079,0.38
3592,0.27
8819,0.29
8053,0.28
7015,0.31
3338,0.38
3475,0.38
8750,0.39
2933,0.31
2187,0.35
1040,0.42
4964,0.4
6308,0.54
5437,0.42
6482,0.32
5652,0.27
8442,0.38
4536,0.47
1009,0.3
333,0.35
6832,0.33
7810,0.32
5279,0.39
3892,0.41
8192,0.39
6701,0.34
7297,0.36
6718,0.41
506,0.38
5897,0.32
9856,0.33
7590,0.22
6298,0.25
2446,0.37
7207,0.43
4802,0.45
9588,0.32
4156,0.3
4491,0.42
6231,0.33
898,0.37
4773,0.23
26,0.37
505,0.41
3024,0.26
618,0.37
810,0.4
5096,0.35
1339,0.39
8467,0.24
9935,0.39
2680,0.41
48,0.45
5987,0.38
8484,0.37
9882,0.36
59,0.41
4227,0.36
3010,0.37
7310,0.54
3558,0.41
2088,0.33
908,0.28
5908,0.41
8896,0.23
621,0.34
7204,0.31
9724,0.26
6100,0.42
5208,0.46
7656,0.4
9537,0.41
2914,0.37
2555,0.31
6551,0.49
9664,0.33
6451,0.33
2396,0.38
8699,0.31
6475,0.34
7206,0.37
8880,0.32
8261,0.51
4173,0.42
6459,0.48
632,0.53
8944,0.53
2715,0.39
4272,0.43
1522,0.28
281,0.4
873,0.32
8417,0.43
5572,0.44
8772,0.34
9374,0.42
4217,0.39
859,0.35
6134,0.36
7529,0.4
878,0.4
8719,0.36
4374,0.33
1451,0.38
9454,0.4
8414,0.49
7193,0.39
8959,0.51
1050,0.39
6534,0.4
7137,0.32
4806,0.25
4183,0.39
1445,0.37
2214,0.31
1609,0.6
170,0.31
6711,0.28
5757,0.39
4195,0.46
1663,0.39
7803,0.34
1441,0.43
7161,0.39
7430,0.35
1462,0.43
7564,0.41
3712,0.35
9480,0.32
1166,0.37
3382,0.44
4764,0.38
131,0.35
287,0.47
3138,0.49
4886,0.4
2851,0.4
9594,0.37
3520,0.44
6237,0.42
9247,0.43
263,0.37
7931,0.27
2363,0.31
6025,0.28
8785,0.37
7362,0.38
5233,0.42
2113,0.32
1858,0.27
4399,0.33
6751,0.35
4697,0.46
808,0.39
4995,0.44
1199,0.44
2491,0.36
4023,0.52
2585,0.31
1694,0.37
4284,0.38
6637,0.34
7414,0.32
5219,0.29
3287,0.39
7802,0.35
6617,0.34
819,0.4
9016,0.34
8644,0.34
1143,0.34
3646,0.51
8439,0.3
4186,0.34
6729,0.48
9270,0.39
6969,0.35
107,0.4
1129,0.39
8247,0.43
8715,0.42
7455,0.5
1418,0.3
7093,0.52
8679,0.31
8461,0.42
6869,0.49
9201,0.33
317,0.3
2116,0.42
4081,0.25
5901,0.35
4910,0.39
1142,0.38
6965,0.3
619,0.36
2256,0.37
5192,0.37
3677,0.38
8338,0.31
7028,0.4
116,0.39
2878,0.37
9453,0.31
7691,0.5
7364,0.46
6146,0.43
199,0.37
3747,0.29
9883,0.41
1114,0.31
4378,0.37
1469,0.34
4044,0.29
3213,0.45
581,0.46
3244,0.34
9125,0.46
597,0.56
8866,0.26
2057,0.42
2473,0.45
4716,0.37
753,0.44
8608,0.36
2906,0.26
6445,0.28
1775,0.45
3512,0.38
9157,0.45
2714,0.4
1847,0.42
9181,0.36
9071,0.36
1791,0.56
6193,0.32
5779,0.39
152,0.49
4572,0.32
6956,0.31
3042,0.33
2681,0.24
8929,0.52
669,0.45
6206,0.31
7376,0.32
6968,0.36
2758,0.44
1429,0.38
2051,0.28
6162,0.47
7871,0.36
3086,0.34
5016,0.39
7951,0.35
2743,0.41
7063,0.32
8460,0.33
2049,0.26
3933,0.29
2461,0.56
6814,0.4
164,0.39
592,0.29
1113,0.32
9102,0.32
3020,0.26
3852,0.37
4523,0.3
488,0.45
5529,0.25
1867,0.41
7114,0.41
8565,0.28
2340,0.43
6780,0.32
3216,0.44
419,0.33
411,0.32
6847,0.36
2011,0.43
9885,0.45
3019,0.37
3643,0.38
2254,0.31
2194,0.41
3091,0.31
4147,0.33
4770,0.4
8771,0.37
5612,0.43
3255,0.28
7667,0.47
2698,0.31
8758,0.45
5255,0.31
362,0.33
9962,0.33
3664,0.37
8810,0.33
4176,0.31
5464,0.42
3503,0.36
4125,0.23
628,0.39
4922,0.3
4154,0.46
2492,0.32
129,0.39
9898,0.38
5808,0.42
6426,0.43
4959,0.34
4031,0.28
4481,0.32
2406,0.46
1292,0.39
6224,0.34
7806,0.32
6827,0.3
255,0.32
337,0.44
8582,0.34
1241,0.42
1780,0.41
8766,0.43
1343,0.39
8172,0.27
2916,0.27
9964,0.26
5924,0.3
473,0.41
1919,0.43
1614,0.55
8443,0.29
3291,0.45
6941,0.41
6858,0.36
5803,0.42
5413,0.52
7253,0.21
4606,0.35
8193,0.4
9436,0.48
7381,0.51
7772,0.33
3128,0.41
8966,0.27
7844,0.37
2284,0.41
2489,0.34
9116,0.38
5126,0.38
7237,0.5
6221,0.31
2751,0.38
9507,0.34
8629,0.32
831,0.32
2376,0.54
9047,0.32
8393,0.35
8314,0.39
8947,0.27
6652,0.34
2905,0.36
7635,0.45
6999,0.34
5917,0.44
8884,0.24
2614,0.34
9437,0.36
8603,0.33
6664,0.35
677,0.47
7248,0.27
5568,0.33
4144,0.4
5494,0.46
5063,0.52
3875,0.32
8817,0.32
6310,0.32
4902,0.37
9478,0.22
8167,0.38
1368,0.31
7709,0.36
4052,0.37
7282,0.22
1043,0.46
725,0.29
8995,0.38
710,0.39
9941,0.31
6350,0.32
9354,0.42
6644,0.32
1659,0.29
1642,0.41
779,0.32
6199,0.34
2836,0.35
5334,0.46
3825,0.27
2118,0.46
9849,0.35
9424,0.39
8651,0.45
2518,0.47
7511,0.33
2235,0.43
5114,0.6
1596,0.4
1108,0.32
8773,0.45
4076,0.42
1293,0.27
5934,0.51
4614,0.41
1485,0.4
7574,0.3
9983,0.42
3001,0.34
7685,0.44
9762,0.36
932,0.5
897,0.28
6509,0.35
6058,0.33
5893,0.41
4020,0.44
4939,0.41
6779,0.27
9553,0.32
5202,0.45
6130,0.35
2819,0.39
8820,0.33
2390,0.45
3798,0.35
4413,0.31
9823,0.39
6434,0.41
5820,0.36
3680,0.15
7213,0.4
3206,0.33
8466,0.39
6301,0.45
2813,0.4
3131,0.27
5183,0.47
4875,0.43
3552,0.45
2379,0.34
7444,0.4
827,0.42
5534,0.44
5197,0.41
9113,0.42
3534,0.27
7421,0.43
4834,0.4
2383,0.47
1152,0.36
5101,0.32
2973,0.31
8058,0.27
176,0.31
3005,0.42
944,0.4
4982,0.34
5026,0.44
6337,0.39
2042,0.31
4685,0.42
9677,0.38
2886,0.4
9834,0.29
2296,0.35
537,0.35
2218,0.28
2649,0.43
5374,0.37
4184,0.33
93,0.4
7164,0.25
6870,0.44
1052,0.38
1947,0.44
3812,0.26
3290,0.27
1276,0.38
1748,0.35
6083,0.27
3435,0.48
7467,0.24
2252,0.39
4605,0.35
2944,0.24
5019,0.39
9297,0.46
5065,0.41
8324,0.25
8563,0.56
1575,0.39
2487,0.58
6659,0.26
2313,0.49
8105,0.33
3874,0.37
3282,0.45
9040,0.45
1256,0.29
5199,0.44
4034,0.39
7643,0.28
9058,0.33
277,0.45
2640,0.49
5726,0.26
115,0.33
3896,0.45
7123,0.36
8173,0.3
1579,0.42
3310,0.55
9869,0.39
7255,0.32
2897,0.53
8232,0.44
4963,0.46
6822,0.3
2728,0.4
818,0.4
4821,0.38
4597,0.36
4799,0.35
2015,0.39
1203,0.26
598,0.43
3342,0.51
5822,0.42
2096,0.45
6883,0.32
8134,0.37
6135,0.35
5305,0.41
8454,0.43
8303,0.32
4071,0.23
7626,0.56
4743,0.49
7832,0.36
7716,0.44
7587,0.3
1159,0.31
9245,0.41
1016,0.46
302,0.37
8342,0.39
4216,0.42
123,0.35
849,0.49
4296,0.27
8837,0.34
6222,0.33
9351,0.37
6625,0.39
6515,0.32
7240,0.34
3136,0.27
4250,0.27
2020,0.37
2787,0.21
4061,0.49
497,0.52
1098,0.34
5452,0.45
3651,0.46
1746,0.31
535,0.36
6914,0.3
2747,0.42
1545,0.27
2512,0.32
8985,0.41
8760,0.38
487,0.34
8069,0.4
7331,0.35
2984,0.3
9985,0.43
8252,0.33
6364,0.35
4161,0.37
3305,0.31
7724,0.32
8932,0.32
8381,0.25
5363,0.38
6241,0.33
1039,0.35
4808,0.43
4478,0.32
9719,0.42
5883,0.23
234,0.38
9558,0.38
9196,0.32
9075,0.35
6511,0.33
1301,0.26
1155,0.41
1907,0.24
8175,0.41
5201,0.59
1520,0.3
521,0.42
5000,0.4
5490,0.43
3248,0.37
7232,0.34
5898,0.42
5793,0.5
5550,0.34
2970,0.34
7682,0.35
4190,0.51
5499,0.39
1640,0.48
7316,0.42
6557,0.34
2404,0.44
5772,0.28
7285,0.22
4689,0.44
8488,0.33
1525,0.27
7036,0.3
2058,0.34
9631,0.32
5188,0.42
6683,0.39
5272,0.32
1827,0.45
1706,0.24
6853,0.27
3822,0.25
758,0.42
8246,0.34
4735,0.24
6227,0.28
8630,0.34
6325,0.46
2002,0.39
3884,0.35
5873,0.28
1332,0.49
771,0.46
6913,0.26
6658,0.39
9795,0.33
9283,0.3
572,0.37
9411,0.33
9510,0.5
7761,0.38
6691,0.27
500,0.24
7449,0.31
2615,0.49
3422,0.32
7298,0.32
4825,0.41
916,0.32
7750,0.48
7836,0.34
7273,0.43
2895,0.38
8566,0.36
2960,0.37
6946,0.56
8438,0.35
6680,0.24
4181,0.4
7811,0.23
6740,0.29
9107,0.5
7007,0.33
5879,0.34
7681,0.39
3956,0.37
3527,0.3
3819,0.37
673,0.42
6745,0.48
5348,0.44
6208,0.33
7698,0.38
5773,0.33
6114,0.47
6467,0.34
1856,0.36
7683,0.37
4090,0.42
8693,0.43
6631,0.37
2039,0.3
9355,0.45
7205,0.33
8392,0.36
4105,0.32
5171,0.43
1524,0.32
6821,0.25
1875,0.34
1691,0.29
8090,0.28
9759,0.29
8473,0.37
8016,0.28
5368,0.35
9814,0.36
6309,0.39
4362,0.4
4134,0.32
8738,0.48
9552,0.26
8513,0.35
2755,0.5
8767,0.45
1210,0.29
5781,0.31
7659,0.47
5361,0.38
661,0.36
3833,0.38
2501,0.4
2994,0.49
8081,0.46
464,0.32
9988,0.45
2184,0.34
5443,0.3
7541,0.35
5287,0.4
8030,0.31
451,0.29
5135,0.43
1415,0.37
146,0.34
6670,0.34
4165,0.38
817,0.43
4462,0.46
8402,0.35
3628,0.48
5142,0.38
1318,0.27
1887,0.29
3868,0.43
8941,0.39
8233,0.44
6694,0.45
1540,0.37
5328,0.34
6051,0.42
1648,0.38
2178,0.49
8397,0.38
9419,0.44
1461,0.4
2156,0.34
6765,0.31
3225,0.31
8889,0.4
6819,0.28
9348,0.4
833,0.39
2325,0.24
1433,0.37
4429,0.38
6243,0.39
7040,0.35
6332,0.37
8931,0.31
171,0.32
1498,0.3
9384,0.34
5733,0.38
8580,0.37
179,0.37
7154,0.36
8800,0.31
3108,0.46
9508,0.37
6294,0.28
9055,0.38
2540,0.42
6666,0.38
5543,0.29
7986,0.43
4756,0.29
1715,0.38
1169,0.43
2763,0.37
9533,0.4
5395,0.35
8816,0.41
7304,0.45
4155,0.43
422,0.29
1213,0.22
4483,0.34
4882,0.48
363,0.39
9202,0.31
7830,0.22
6698,0.36
534,0.45
6169,0.29
9980,0.3
5807,0.48
2563,0.43
7567,0.29
6377,0.35
2558,0.36
4131,0.25
5518,0.24
5738,0.38
493,0.28
4646,0.39
7166,0.45
4840,0.41
610,0.49
4033,0.4
6934,0.54
6501,0.41
792,0.26
7905,0.38
7892,0.42
3118,0.29
8868,0.33
9379,0.4
3999,0.32
996,0.44
723,0.38
4661,0.33
4745,0.35
9349,0.4
3106,0.34
9466,0.45
2312,0.41
791,0.41
1543,0.32
8307,0.48
6129,0.32
5128,0.46
571,0.34
3,0.41
1091,0.36
4897,0.47
3398,0.27
8764,0.27
1559,0.31
9957,0.4
8708,0.4
2595,0.39
4675,0.32
8348,0.42
5616,0.32
8051,0.38
4936,0.38
7443,0.37
345,0.29
5322,0.26
8526,0.36
334,0.44
8352,0.33
6244,0.34
306,0.37
2195,0.41
8155,0.48
6295,0.35
6638,0.39
8372,0.39
2092,0.26
9867,0.43
7593,0.47
2448,0.48
6798,0.35
1018,0.3
4139,0.4
6281,0.22
2955,0.38
5081,0.42
1387,0.38
7513,0.38
837,0.29
1475,0.34
1055,0.43
563,0.41
6961,0.35
7611,0.42
8033,0.42
2064,0.36
4836,0.4
3473,0.51
323,0.42
4036,0.36
2848,0.31
440,0.4
4283,0.26
4579,0.28
2521,0.43
4733,0.3
74,0.46
3061,0.27
4016,0.43
4403,0.44
9775,0.34
1979,0.36
7214,0.32
7033,0.46
2447,0.38
5239,0.27
3360,0.44
448,0.38
7872,0.44
4934,0.41
5856,0.44
6589,0.34
8602,0.33
5276,0.45
6369,0.27
4843,0.42
6279,0.32
4433,0.32
1304,0.36
2442,0.47
742,0.35
7952,0.26
9751,0.29
785,0.4
3876,0.43
6938,0.42
6983,0.43
7780,0.38
4391,0.34
9455,0.34
270,0.44
318,0.47
167,0.41
9335,0.38
2294,0.4
1017,0.36
2395,0.4
3257,0.36
9904,0.51
6567,0.29
5961,0.37
6773,0.31
6575,0.41
4762,0.37
350,0.26
6167,0.52
2001,0.41
7104,0.43
6127,0.35
39,0.45
6529,0.21
3889,0.41
6251,0.42
4379,0.25
4854,0.42
2663,0.5
6213,0.22
5102,0.3
9551,0.32
4940,0.26
7173,0.29
805,0.34
1812,0.34
8930,0.51
2479,0.33
7406,0.5
9715,0.38
8239,0.36
2029,0.38
2732,0.33
6748,0.42
360,0.38
1825,0.4
7195,0.4
5289,0.42
8658,0.27
5595,0.36
7256,0.34
9784,0.38
9205,0.33
8840,0.39
2893,0.36
907,0.33
7915,0.31
7734,0.37
3467,0.47
4589,0.47
4895,0.38
6044,0.3
8108,0.45
9477,0.29
4313,0.34
6408,0.59
4577,0.57
2647,0.43
1331,0.39
6781,0.44
9639,0.37
3408,0.36
6757,0.41
3027,0.31
1135,0.41
6626,0.31
5630,0.26
355,0.35
2890,0.26
1310,0.34
6399,0.36
6390,0.35
5240,0.44
6380,0.47
5369,0.24
6339,0.46
4267,0.39
2809,0.29
2323,0.43
1798,0.31
7890,0.31
6027,0.35
7633,0.34
6050,0.28
9835,0.39
2985,0.56
7790,0.32
3429,0.31
8574,0.41
1271,0.34
7719,0.36
2889,0.33
8967,0.44
4919,0.31
6569,0.3
8691,0.45
4274,0.35
7313,0.32
8276,0.28
5084,0.26
5165,0.41
7470,0.3
7069,0.4
8524,0.41
7758,0.35
6109,0.38
8297,0.13
9162,0.42
8490,0.31
8946,0.24
8599,0.41
7684,0.47
7949,0.43
1736,0.41
45,0.22
432,0.44
1908,0.47
9263,0.39
6538,0.38
4501,0.35
3329,0.21
5145,0.34
4463,0.41
3207,0.42
7457,0.28
4633,0.35
4437,0.49
8908,0.36
5794,0.39
8878,0.26
9383,0.39
7879,0.31
3709,0.46
9647,0.24
982,0.28
6808,0.34
9707,0.41
4361,0.23
338,0.31
8606,0.51
2362,0.37
3379,0.31
9089,0.36
5573,0.46
5350,0.4
4815,0.38
1090,0.42
5686,0.36
3820,0.44
3665,0.38
9642,0.35
5931,0.38
7550,0.3
957,0.44
8356,0.32
2014,0.38
1719,0.47
5013,0.4
4325,0.41
3470,0.25
4261,0.48
5471,0.35
6430,0.32
5735,0.34
5928,0.37
4925,0.28
698,0.32
2482,0.5
5575,0.29
7246,0.38
2351,0.32
3420,0.24
8302,0.41
421,0.46
7701,0.41
4303,0.42
4622,0.39
6928,0.44
6612,0.34
5603,0.36
9481,0.29
1371,0.42
8712,0.31
5294,0.32
5153,0.39
6564,0.41
1075,0.46
2610,0.34
8558,0.37
8188,0.42
200,0.37
8315,0.5
7595,0.36
9175,0.32
9845,0.33
666,0.43
7693,0.43
4476,0.36
6848,0.41
2299,0.33
2767,0.44
2896,0.34
5070,0.3
9159,0.45
6603,0.43
1991,0.43
6943,0.39
7687,0.49
7153,0.3
5480,0.36
4292,0.34
15,0.47
7894,0.4
8456,0.41
3925,0.37
8457,0.51
1921,0.38
4382,0.35
2837,0.41
643,0.51
4811,0.31
7192,0.42
8132,0.43
7367,0.52
9574,0.2
4256,0.49
9474,0.49
6156,0.23
3107,0.36
593,0.3
8632,0.37
4677,0.47
1720,0.29
2782,0.42
6265,0.37
7946,0.4
854,0.26
9804,0.46
2522,0.41
5168,0.3
811,0.4
7034,0.37
2871,0.41
465,0.44
6875,0.47
8793,0.47
3000,0.18
1300,0.42
8542,0.5
6225,0.46
3637,0.34
1624,0.3
85,0.38
7228,0.35
7057,0.32
9926,0.29
6197,0.36
5061,0.43
2216,0.35
9746,0.29
6428,0.37
213,0.43
8890,0.29
4247,0.54
1059,0.23
9966,0.34
883,0.44
1508,0.45
32,0.49
1406,0.51
7909,0.35
860,0.31
2454,0.35
9269,0.41
6084,0.43
1084,0.51
3167,0.43
95,0.28
973,0.51
9154,0.37
8260,0.36
1206,0.34
2173,0.4
4228,0.36
3146,0.46
3399,0.4
4435,0.44
4778,0.39
3502,0.39
1487,0.29
2268,0.33
4782,0.36
8226,0.35
4640,0.37
9810,0.4
7408,0.31
7503,0.42
4279,0.54
4297,0.43
7134,0.44
2139,0.31
6435,0.35
8813,0.3
3405,0.4
8597,0.5
7720,0.3
7330,0.4
4393,0.41
1700,0.39
8322,0.34
2727,0.25
3294,0.32
5012,0.34
6262,0.5
3191,0.4
1758,0.21
915,0.6
4136,0.4
8570,0.33
3569,0.43
4682,0.33
6871,0.42
2910,0.43
3311,0.36
8049,0.4
2846,0.26
6420,0.34
3630,0.32
6401,0.29
6403,0.46
6600,0.32
2652,0.4
4706,0.4
9185,0.2
4892,0.36
9347,0.42
4783,0.41
4901,0.31
9111,0.32
9216,0.43
3579,0.38
9015,0.3
1608,0.38
2574,0.38
2102,0.39
3830,0.43
7016,0.36
2677,0.47
3304,0.37
8682,0.62
8375,0.32
1862,0.42
600,0.46
5120,0.26
4703,0.34
3511,0.61
2317,0.38
6921,0.36
5247,0.41
7598,0.34
9300,0.37
504,0.47
4074,0.32
931,0.34
1814,0.28
5602,0.28
9932,0.38
3450,0.38
5125,0.39
8089,0.44
4596,0.47
865,0.39
6935,0.4
568,0.37
5042,0.29
9045,0.42
3018,0.34
9798,0.33
2586,0.33
3766,0.3
5697,0.31
7823,0.42
6877,0.45
7694,0.38
1046,0.45
1975,0.35
5011,0.42
2526,0.39
3297,0.34
238,0.37
3690,0.41
8129,0.3
761,0.31
9683,0.27
2532,0.42
2089,0.33
2227,0.47
9161,0.33
1806,0.26
7041,0.36
8198,0.39
491,0.44
5841,0.35
5946,0.37
5581,0.4
9951,0.44
7808,0.39
9285,0.24
7973,0.38
8088,0.35
6797,0.46
5938,0.36
6852,0.31
1369,0.43
2434,0.45
1638,0.51
5416,0.43
9462,0.32
3299,0.39
202,0.32
2465,0.3
9078,0.4
3361,0.31
4813,0.44
9722,0.37
3794,0.36
1250,0.49
1929,0.27
7223,0.31
701,0.38
4986,0.34
1099,0.36
6035,0.41
8943,0.32
4586,0.46
2366,0.33
3848,0.46
6920,0.36
2635,0.4
3742,0.4
6789,0.39
4564,0.23
9494,0.4
7954,0.4
750,0.37
9093,0.48
9761,0.36
7794,0.38
760,0.33
2564,0.42
2578,0.43
8091,0.41
9395,0.35
7422,0.35
4390,0.34
6760,0.47
1063,0.34
8218,0.37
3209,0.31
7014,0.39
6404,0.26
221,0.37
2538,0.39
3264,0.32
9403,0.45
8380,0.37
6982,0.35
5698,0.39
6973,0.41
8637,0.41
8977,0.35
4873,0.46
4792,0.39
6072,0.38
5382,0.45
4713,0.37
7619,0.35
1643,0.41
6176,0.4
5940,0.39
1103,0.37
9928,0.31
8781,0.4
8664,0.46
6801,0.39
8480,0.44
2537,0.3
1254,0.38
1109,0.32
9567,0.39
1531,0.43
4328,0.35
7991,0.23
4377,0.49
9242,0.42
5404,0.43
8655,0.3
6586,0.44
4785,0.46
7158,0.3
6759,0.43
46,0.36
1860,0.35
1209,0.39
7936,0.37
3465,0.52
616,0.39
5725,0.29
3935,0.29
5523,0.43
3325,0.42
7059,0.4
8885,0.37
3115,0.32
691,0.36
7116,0.55
3045,0.45
5489,0.3
5765,0.33
2353,0.4
545,0.38
4862,0.4
5636,0.3
3173,0.31
1170,0.5
2233,0.4
2326,0.39
1764,0.42
3069,0.44
7446,0.44
6997,0.33
8614,0.34
7227,0.3
4998,0.39
3753,0.4
3479,0.48
7008,0.47
1819,0.51
5329,0.45
2407,0.46
4252,0.39
4104,0.35
1007,0.31
9139,0.48
1904,0.28
2621,0.45
8056,0.37
6787,0.3
6145,0.28
3240,0.45
2550,0.29
5253,0.33
8008,0.37
2124,0.39
5615,0.37
3805,0.36
843,0.32
774,0.32
6944,0.31
5723,0.37
4339,0.42
507,0.2
2155,0.33
8203,0.35
143,0.28
6493,0.42
3011,0.4
2334,0.41
8471,0.32
4817,0.22
2924,0.44
2671,0.38
4416,0.36
1246,0.41
937,0.35
424,0.44
2290,0.42
5830,0.4
1930,0.32
5324,0.31
1679,0.42
258,0.31
4896,0.3
884,0.5
7778,0.43
925,0.46
6590,0.43
1041,0.37
392,0.29
3147,0.36
9371,0.45
8560,0.48
4485,0.26
1062,0.47
8086,0.34
3961,0.36
9363,0.44
3725,0.3
842,0.29
4827,0.45
4632,0.31
1153,0.3
930,0.47
3901,0.39
18,0.38
7613,0.43
1547,0.39
4221,0.34
8782,0.31
5722,0.31
3714,0.49
6220,0.38
7673,0.36
2773,0.37
2827,0.44
1939,0.31
1992,0.34
9423,0.49
7717,0.32
6682,0.4
9532,0.31
7533,0.28
2881,0.36
2251,0.43
5463,0.29
6739,0.33
8168,0.39
8665,0.37
676,0.41
5503,0.32
3626,0.41
3877,0.38
5689,0.38
7382,0.41
5971,0.44
4616,0.57
1743,0.44
5356,0.38
9546,0.34
1211,0.5
3176,0.46
402,0.4
6613,0.32
1110,0.36
8124,0.34
3911,0.41
6690,0.47
9948,0.42
7113,0.36
6064,0.4
738,0.41
6912,0.35
9870,0.6
6753,0.33
4983,0.34
9881,0.49
2493,0.49
3251,0.45
7795,0.39
65,0.4
7878,0.41
9571,0.29
630,0.53
2666,0.36
6269,0.35
100,0.44
339,0.42
2817,0.33
9950,0.42
2629,0.44
6862,0.41
2651,0.39
1667,0.34
7862,0.49
7856,0.39
5475,0.43
2803,0.45
6594,0.28
4288,0.5
5578,0.38
2791,0.4
1959,0.42
1502,0.36
9160,0.4
623,0.32
4870,0.36
2158,0.34
2894,0.33
6769,0.41
6710,0.39
3187,0.37
6247,0.35
3529,0.46
1557,0.33
2571,0.53
3921,0.46
8184,0.27
853,0.35
9765,0.45
6414,0.41
1604,0.33
4943,0.35
539,0.46
7974,0.36
8951,0.4
1176,0.46
2190,0.19
7524,0.37
1729,0.42
2098,0.39
825,0.39
3347,0.39
926,0.35
2535,0.41
4273,0.46
2272,0.52
9029,0.31
4599,0.42
4830,0.42
9452,0.38
8083,0.38
7064,0.37
985,0.4
82,0.38
6488,0.53
7315,0.41
3474,0.38
5295,0.36
1480,0.35
9030,0.33
5932,0.31
7885,0.31
2106,0.38
2687,0.54
5975,0.34
2016,0.42
2125,0.48
1092,0.33
6071,0.31
84,0.45
4562,0.38
434,0.34
3073,0.41
9572,0.43
6793,0.3
1425,0.37
7147,0.46
8120,0.39
7302,0.44
9914,0.4
4301,0.45
1020,0.4
9610,0.3
8409,0.32
998,0.35
4180,0.46
946,0.34
4755,0.42
3629,0.37
6565,0.39
1911,0.42
5683,0.22
9649,0.36
6532,0.33
2023,0.39
135,0.41
6523,0.36
160,0.28
7798,0.29
6375,0.36
5776,0.43
8982,0.33
78,0.51
9728,0.41
6661,0.41
4323,0.35
5797,0.35
7101,0.41
2087,0.32
2074,0.38
9427,0.45
2314,0.34
7106,0.33
4257,0.35
3441,0.37
8672,0.26
3966,0.4
7812,0.42
2821,0.33
7782,0.37
2720,0.3
7640,0.44
6030,0.4
7347,0.4
7012,0.42
6667,0.36
8605,0.4
989,0.32
3362,0.42
9789,0.28
4385,0.28
4079,0.4
2150,0.27
6953,0.41
1848,0.31
602,0.23
987,0.33
9587,0.41
3733,0.27
2307,0.44
8313,0.39
5536,0.35
7935,0.32
6512,0.47
5166,0.33
5134,0.57
7562,0.36
8640,0.35
7435,0.41
5515,0.36
7477,0.37
6357,0.16
55,0.4
2110,0.37
2185,0.42
875,0.36
1723,0.35
9946,0.37
4628,0.31
706,0.28
8591,0.42
3777,0.43
5925,0.38
5959,0.28
9708,0.31
7849,0.49
3268,0.36
2470,0.34
3080,0.34
6988,0.51
7181,0.55
6240,0.34
3414,0.36
1973,0.44
3200,0.43
6971,0.43
427,0.29
3160,0.38
939,0.45
1008,0.53
3597,0.34
8523,0.31
9826,0.34
4636,0.39
4554,0.32
6039,0.27
2781,0.41
891,0.44
7776,0.39
2280,0.43
8660,0.27
9142,0.31
6188,0.35
9596,0.43
1747,0.53
3525,0.35
1809,0.33
5506,0.16
5291,0.49
2062,0.39
693,0.38
7089,0.32
9930,0.46
4350,0.35
7612,0.4
9586,0.44
6406,0.43
1379,0.34
8110,0.36
4059,0.39
1622,0.43
8043,0.39
6722,0.19
5714,0.42
9323,0.36
6824,0.29
8974,0.44
2544,0.34
3530,0.36
7749,0.33
5045,0.37
3964,0.34
2257,0.24
615,0.37
7876,0.43
8774,0.36
5717,0.49
2333,0.34
6902,0.52
909,0.31
1428,0.39
1384,0.37
9633,0.32
2053,0.39
6003,0.18
4269,0.31
7702,0.36
9509,0.36
3678,0.38
2108,0.39
5676,0.29
7642,0.34
5484,0.38
6840,0.28
1386,0.32
4251,0.42
7543,0.31
2024,0.45
9842,0.34
4299,0.33
9652,0.35
5964,0.45
6407,0.45
1672,0.52
2726,0.42
140,0.28
2637,0.35
8623,0.3
7491,0.34
3320,0.38
409,0.47
7065,0.37
3427,0.34
5260,0.29
5942,0.4
8636,0.31
7636,0.43
1670,0.38
1768,0.19
1749,0.53
4506,0.34
8264,0.43
461,0.29
2471,0.42
6561,0.38
2856,0.39
2639,0.38
614,0.51
3065,0.39
2403,0.32
3748,0.42
3469,0.32
1424,0.44
8844,0.44
872,0.28
3273,0.34
9123,0.38
2360,0.38
4065,0.47
647,0.27
1513,0.38
4327,0.51
863,0.43
4418,0.42
8474,0.3
2373,0.36
6764,0.39
1094,0.44
383,0.41
2620,0.38
5524,0.41
2523,0.39
5823,0.41
784,0.41
4787,0.27
8572,0.33
8340,0.25
5057,0.39
2950,0.43
2441,0.27
664,0.43
8048,0.36
3484,0.38
3396,0.45
2466,0.39
2822,0.27
4496,0.43
5993,0.49
4822,0.28
3882,0.29
3528,0.33
8309,0.43
6011,0.31
531,0.45
5447,0.38
4987,0.37
2180,0.43
9859,0.41
9741,0.4
7092,0.47
6371,0.43
1148,0.43
8509,0.37
617,0.36
2130,0.19
4966,0.37
5546,0.41
4718,0.35
2126,0.37
6614,0.56
17,0.42
6975,0.45
5874,0.39
1479,0.35
9905,0.43
2940,0.41
7502,0.36
7054,0.33
8754,0.35
9758,0.36
2587,0.35
2012,0.4
2823,0.38
1202,0.35
663,0.5
4201,0.35
4867,0.44
9938,0.28
9908,0.23
4791,0.27
4631,0.32
7600,0.47
5626,0.43
8862,0.42
8485,0.51
4748,0.37
1969,0.43
7124,0.37
1952,0.39
2636,0.35
4611,0.49
369,0.32
7216,0.39
2047,0.46
846,0.38
4137,0.42
4771,0.29
6761,0.35
7548,0.25
8569,0.39
9544,0.44
5769,0.31
4519,0.42
1718,0.38
5146,0.34
3618,0.44
3615,0.4
789,0.44
877,0.48
4860,0.3
9554,0.21
1644,0.33
2549,0.31
1269,0.39
8576,0.46
4552,0.51
5903,0.37
894,0.28
5301,0.32
4475,0.37
4048,0.23
7768,0.37
8656,0.29
8725,0.32
3153,0.32
8970,0.27
1086,0.42
9178,0.39
4643,0.28
5912,0.37
8718,0.38
2157,0.3
1173,0.4
4142,0.38
4694,0.41
6367,0.24
8667,0.47
862,0.43
2209,0.47
9033,0.4
2093,0.33
3237,0.41
3057,0.27
1833,0.27
3575,0.37
7715,0.3
6916,0.46
8316,0.21
3215,0.39
6363,0.4
970,0.43
1745,0.33
8195,0.4
4249,0.45
7914,0.39
3413,0.38
351,0.35
1483,0.33
7070,0.38
2213,0.46
7353,0.31
8164,0.34
5113,0.3
117,0.29
1002,0.33
4828,0.51
4234,0.44
2546,0.32
6923,0.32
6812,0.49
6836,0.44
7172,0.44
1025,0.24
6209,0.43
7645,0.3
6582,0.44
533,0.38
8611,0.35
7329,0.43
8082,0.4
7428,0.33
316,0.34
4224,0.41
2786,0.37
1570,0.4
6874,0.43
8839,0.53
9619,0.31
4653,0.4
8204,0.47
9461,0.4
8532,0.5
6891,0.33
3757,0.36
9049,0.35
8433,0.26
2742,0.41
1561,0.47
2834,0.49
1815,0.44
471,0.25
5599,0.36
2850,0.33
1012,0.4
2241,0.29
8205,0.29
6809,0.4
304,0.36
6059,0.28
8387,0.33
5470,0.43
3542,0.36
5690,0.39
9134,0.37
6120,0.47
5370,0.31
4317,0.36
748,0.55
7121,0.42
1186,0.38
7912,0.37
9377,0.43
7466,0.36
2411,0.32
5771,0.38
6291,0.43
7250,0.42
9475,0.42
99,0.5
2369,0.43
3319,0.25
7337,0.4
2645,0.37
7309,0.4
4213,0.34
1794,0.57
2937,0.4
261,0.34
8114,0.33
5571,0.32
2330,0.33
5756,0.38
9444,0.27
1560,0.38
3162,0.42
134,0.32
5884,0.44
7094,0.4
5224,0.21
7354,0.37
8411,0.29
1742,0.3
7020,0.38
4415,0.42
7277,0.4
71,0.41
2054,0.36
2675,0.25
8618,0.37
1177,0.44
8918,0.2
1894,0.39
9138,0.38
8730,0.39
6008,0.35
635,0.37
8748,0.37
9389,0.5
9168,0.33
2703,0.41
1130,0.48
4750,0.36
9514,0.49
8148,0.36
5737,0.52
9309,0.34
2740,0.4
1412,0.35
2553,0.34
1684,0.33
5643,0.38
3836,0.4
2584,0.32
9182,0.36
3891,0.33
482,0.37
9198,0.45
1766,0.36
8331,0.42
4730,0.29
9933,0.54
7456,0.3
3314,0.24
3996,0.42
2408,0.35
8181,0.42
5229,0.56
8163,0.35
7375,0.25
5916,0.34
9523,0.34
2762,0.33
4306,0.45
7727,0.32
5667,0.35
6147,0.24
4727,0.29
3402,0.43
2975,0.4
7900,0.35
4634,0.27
8208,0.37
1389,0.3
1998,0.39
5677,0.35
8199,0.42
1890,0.5
2490,0.48
7138,0.29
2749,0.45
8740,0.39
7427,0.28
8388,0.28
3771,0.38
7025,0.33
685,0.37
5167,0.22
3967,0.43
1321,0.44
356,0.26
523,0.32
1472,0.28
4135,0.28
8279,0.33
4286,0.43
8887,0.27
7377,0.36
6353,0.33
7996,0.39
2775,0.39
5040,0.35
5775,0.35
5755,0.42
1288,0.32
9325,0.4
4367,0.36
9864,0.37
8511,0.34
4171,0.34
197,0.42
7945,0.36
5497,0.51
3165,0.26
6495,0.42
5373,0.5
4207,0.41
8376,0.36
5157,0.51
101,0.39
3557,0.39
5985,0.23
1238,0.43
2735,0.29
7943,0.28
8505,0.33
4008,0.26
5318,0.4
9786,0.41
126,0.3
1030,0.42
3134,0.34
6095,0.39
3581,0.31
3008,0.48
1692,0.38
2483,0.36
9670,0.34
9098,0.3
8529,0.34
8537,0.46
9499,0.25
2849,0.33
6196,0.31
2569,0.39
9525,0.31
2695,0.38
6733,0.33
9819,0.42
5351,0.49
3736,0.31
8783,0.45
4887,0.45
5088,0.39
8568,0.41
5058,0.33
7420,0.4
7149,0.4
637,0.43
4702,0.42
8500,0.49
4356,0.41
8654,0.49
9512,0.34
5706,0.43
7051,0.3
7006,0.26
9490,0.42
988,0.3
5277,0.36
3476,0.33
5821,0.37
3103,0.36
7235,0.28
9797,0.3
6344,0.3
4062,0.47
4358,0.46
3608,0.35
5814,0.35
9526,0.39
7665,0.29
1396,0.47
3541,0.3
7997,0.4
967,0.31
755,0.33
821,0.47
5695,0.43
6820,0.25
8988,0.48
4021,0.47
2609,0.34
2382,0.51
6079,0.25
6402,0.23
7607,0.41
